,international plan,voice mail plan,total day minutes,total eve minutes,total night minutes,total intl minutes,total intl calls,total intl charge,customer service calls,avg duration,churn
4957,-0.33029930840995514,-0.6175686715060882,-0.2597212852214804,0.2875629967154011,-0.9452418920395226,-0.1040491128161829,-0.329645515270944,-0.10853322336543347,2.456320747761663,0.6175674104306161,1
4306,-0.33029930840995514,-0.6175686715060882,1.1402709624860132,1.5803675092440754,0.6565165581783976,-0.28121182222819563,2.2392972248965,-0.2801494262980867,-0.08916754737663035,-1.0898536742499918,1
2426,-0.33029930840995514,-0.6175686715060882,0.26758018712631587,-0.4786091692986255,2.0000932121298596,-1.1673156369206215,1.0332442960361699,-1.168052058998804,0.34070064751595436,0.14137899188844513,0
1500,-0.33029930840995514,-0.6175686715060882,0.8864690587127646,-0.7701405612244265,0.3064351454987176,-0.8098634385558622,0.21618440313901155,-0.8105718666408038,-0.42067136582260545,-0.5712115002985937,0
56,-0.33029930840995514,-0.6175686715060882,-0.0758388603118615,-0.8154461153750581,1.1670819019686223,0.4769644755572709,-0.1923455433095676,0.47370882442312123,-1.1820433791611653,0.6326739028525634,0
3629,2.0790768256251058,-0.6175686715060882,1.5391233177479824,0.900511329151158,-0.10540725518949834,0.1661670829751602,-0.6008754897581468,0.1623110612700499,-0.9669816786842271,-0.6527069646726479,1
3804,3.0275570506458265,-0.6175686715060882,0.8788532592788854,-0.45542433984484676,-0.33228000262352386,-0.26654623981843767,-1.009405436206726,-0.2667232271274103,-0.0731678304829923,-0.4433519905054567,1
4244,-0.33029930840995514,-0.6175686715060882,0.8570124730391123,1.485493798657422,0.13873574267391706,1.0188370275918446,-0.35901148632320634,1.016947814107513,1.1020726608545142,-1.4430875915366017,1
3698,3.0275570506458265,-0.6175686715060882,0.1669492257979792,-0.5527423182699418,0.19232501572708988,1.5229617544906306,-1.0738805448921716,1.5182550635348835,-0.22022750689599668,0.3054603383069833,1
4189,-0.33029930840995514,-0.6175686715060882,0.48923019364991527,1.2843209613066666,0.8622069834501972,-1.9002829086395767,-0.4356216794309873,-1.901696590028554,-0.064220226875077,-0.7270033995805529,1
4803,-0.33029930840995514,-0.6175686715060882,0.8574942377499678,1.2580366434414267,0.8149176581616409,0.11969724397680033,-0.35618031671765493,0.11905476360187292,0.6460374101424435,-1.90732783641374,1
315,3.0275570506458265,-0.6175686715060882,0.3520575998651188,0.16945723572562235,1.5875354779504782,0.7629262342490786,-0.1923455433095676,0.7649889811592695,-1.1820433791611653,-0.8550687992251735,0
179,-0.33029930840995514,-0.6175686715060882,1.6614574973165661,1.0972361924624638,-0.6509356730515198,0.6199453549031747,0.21618440313901155,0.6193489027911957,0.34070064751595436,-0.6838962746765307,1
4040,-0.33029930840995514,0.7147838097198302,-1.4417721314373682,0.7695834527634065,0.7602864490781591,-0.2465011239506344,-1.009405436206726,-0.24454625855115786,3.3861887008701936,-0.1849175691919856,1
4664,-0.33029930840995514,-0.6175686715060882,-1.0896719325484947,-0.6914175683088826,-0.7496154596892175,-0.38931110797102586,0.26413056027681403,-0.3946610502745828,0.5194139218264359,0.9277072031869144,1
1404,-0.33029930840995514,-0.6175686715060882,-0.5973950606992543,-0.693318099838574,0.8236127835609075,-0.6668825592099584,1.8503041889333283,-0.66493178827273,-0.42067136582260545,-0.2247823268025193,0
4551,-0.33029930840995514,-0.6175686715060882,1.7005631903978256,0.586382386869135,0.8602741416624118,0.40563472365681597,0.23978346097901038,0.40533336742231807,0.9227249727573059,-1.4792927194058558,1
305,-0.33029930840995514,-0.6175686715060882,-1.6496897889456488,-0.41557535482818164,-1.1009986557926625,-0.2736851410087234,-0.1923455433095676,-0.2677315745416193,0.34070064751595436,1.3660112144449614,0
1593,-0.33029930840995514,-0.6175686715060882,0.33369294492190077,-0.9592420046357577,0.3853935635234795,-1.1673156369206215,-0.6008754897581468,-1.168052058998804,0.34070064751595436,0.0748183543176128,0
83,-0.33029930840995514,1.6192531229948277,0.6697661303827913,0.45704901424702093,1.3111810148638117,0.5484549152302232,-0.1923455433095676,0.5531488671693435,-1.1820433791611653,-0.7085960692963952,0
4896,3.0275570506458265,-0.6175686715060882,-0.5480113135850404,-0.21399284420162326,-0.6129925038924224,-0.8495639837989643,-0.5554931178247612,-0.8532176810424886,1.5250479393255005,0.7191343181154428,1
101,-0.33029930840995514,-0.6175686715060882,-1.120787726580969,-0.45497148887220884,1.0703578398882883,0.6556905747396505,-0.1923455433095676,0.6590689241643065,-0.42067136582260545,0.11121575935112354,0
166,-0.33029930840995514,-0.6175686715060882,0.20514036031937438,0.3408304188171405,-1.418806288342329,-0.7741182187193864,-0.6008754897581468,-0.770851845267693,1.1020726608545142,1.047874751364204,0
2012,-0.33029930840995514,-0.6175686715060882,-0.8728648848475251,-0.06691956853854097,-0.5068365601563293,-3.669481025473936,-1.8264653291038841,-3.670413405504803,1.1020726608545142,0.2085470385412272,0
4462,1.1387028569837625,-0.6175686715060882,1.4741390668291539,0.9459319284358216,-0.5270686673015972,0.0055673640715661055,-0.8306808834596581,0.006164212984272999,-1.1820433791611653,-0.39553058534568275,1
4766,3.0275570506458265,-0.6175686715060882,1.0051852999278712,-1.0588220125485581,1.8397287413322752,0.3738502926172491,-1.009405436206726,0.37511870032927896,-0.6607989174461304,-0.13337295284715553,1
3813,-0.33029930840995514,-0.6175686715060882,1.6823035346324835,0.05160775083720148,0.3726118222456783,0.3969427258895002,-0.5888270666578617,0.40271452711091804,1.0796181694930747,-1.4155005750779859,1
2916,-0.33029930840995514,-0.6175686715060882,0.023330276381516087,1.7315139505713018,-0.1890289276066629,1.370594971469169,0.6247143495875908,1.3740293088803062,0.34070064751595436,-1.2970759615337164,0
2702,-0.33029930840995514,-0.6175686715060882,-1.1685358294333357,-1.764892945836114,-0.6173783453909962,-1.1315704170841456,-0.1923455433095676,-1.128332037625693,-0.42067136582260545,0.22202362205681433,0
5103,-0.33029930840995514,-0.6175686715060882,2.587072688519837,-0.7257924471972326,-0.5110109950053088,-0.5897526224701962,0.1221086002080718,-0.5897644049255107,-0.42067136582260545,-1.011562955276409,1
4921,3.0275570506458265,-0.6175686715060882,-0.6161388682128627,0.14547743725098083,-0.4053881772116581,1.4777689671928018,2.2560151287316286,1.479880845191918,-1.1807299425406705,0.5641159888158425,1
976,-0.33029930840995514,-0.6175686715060882,0.9507453510140278,-0.5751296977064922,-2.6406878072755187,0.977397553267934,0.6247143495875908,0.9768290951491949,-0.42067136582260545,1.9665591313230903,0
4041,-0.33029930840995514,-0.6175686715060882,1.6628357073562219,0.5096161737918357,1.0591142827239748,0.3273910528133016,-0.5568867875278897,0.3250200008309915,1.1020726608545142,-1.4640688205575567,1
2265,-0.33029930840995514,-0.6175686715060882,0.5632511317121264,0.5200828287174648,-0.027164170655901324,1.0131427731044098,1.0332442960361699,1.0165491165223064,-0.42067136582260545,-0.7680421987834688,0
1769,-0.33029930840995514,-0.6175686715060882,1.3382395703159287,-0.6499823523901437,0.9242847665424794,0.15525749702898747,-0.6008754897581468,0.15594865343823278,0.34070064751595436,-1.2383097698188053,0
999,-0.33029930840995514,1.6192531229948277,0.01782087989855046,0.45704901424702093,0.08337761457876515,-2.811595749398514,-0.6008754897581468,-2.8098129424207294,-1.1820433791611653,-0.658438576535072,0
5003,-0.33029930840995514,-0.6175686715060882,1.839090781077866,0.4142760436342464,-0.7167298115997764,0.17841356401138306,-0.6008754897581468,0.18323396984545223,0.7886934244044279,-1.1188786884166815,1
2509,-0.33029930840995514,1.6192531229948277,-0.14746101459041203,-0.9415137443159454,-0.7081805261194722,-1.1315704170841456,-0.6008754897581468,-1.128332037625693,-1.1820433791611653,1.7115928068027564,0
2170,-0.33029930840995514,-0.6175686715060882,-0.19704558293710056,0.7978255737278566,0.06561197052319419,1.8710280491798321,-0.1923455433095676,1.8771495796063806,-1.1820433791611653,0.3660372701873185,0
1697,-0.33029930840995514,-0.6175686715060882,0.4714278569960362,-0.3170850197181136,-0.5009146788044724,-1.1673156369206215,0.6247143495875908,-1.168052058998804,-1.1820433791611653,1.1014580822416096,0
1652,-0.33029930840995514,-0.6175686715060882,-1.1777181569049446,0.1773364625344279,1.5677958734442878,2.014008928525736,0.6247143495875908,2.009549650850084,1.1020726608545142,0.07508669804349495,0
2249,-0.33029930840995514,1.6192531229948277,-0.20622791040870958,1.3789185508772575,0.41500297028276517,-1.2745512964300492,-1.009405436206726,-1.2739721159937667,1.863444674193074,-0.3578390146882575,0
4429,-0.33029930840995514,-0.6175686715060882,1.356331334053985,1.1397640617532159,-0.7376613435813582,0.5155652276412329,0.011142389328539892,0.5162997114951876,-0.42067136582260545,-0.9279254728573622,1
3597,3.0275570506458265,-0.6175686715060882,-0.2567638966444155,-0.46323226271088064,0.9103764375366283,1.4358534217847645,0.918500470644607,1.4391069338627573,0.34070064751595436,-0.07590954562746163,1
1004,-0.33029930840995514,-0.6175686715060882,-0.5551563543298526,0.8135840273454671,-0.536445966915615,-0.4881564600275788,0.6247143495875908,-0.49281169565591537,0.34070064751595436,0.6450688762559382,0
1876,-0.33029930840995514,1.6192531229948277,0.15555579197268585,-0.9769702649555695,0.008367117455241734,0.08376705735603587,-0.6008754897581468,0.08974861781638059,0.34070064751595436,0.9837863873659726,0
2402,-0.33029930840995514,-0.6175686715060882,0.7597529396045599,-0.17131932375521333,-0.7989827068479483,0.6914357945761264,-1.009405436206726,0.6855489384130472,-0.42067136582260545,-0.4221311683690382,0
1897,-0.33029930840995514,-0.6175686715060882,-0.32192523655098354,0.7938859603234535,0.17615375575786066,0.2267479367019397,1.0332442960361699,0.22214868906008436,-0.42067136582260545,-0.27270842624934544,0
1707,-0.33029930840995514,-0.6175686715060882,-0.6653442839891609,0.20491375636524706,-0.32128427779813934,0.4412192557207951,-0.6008754897581468,0.4472288101743805,-0.42067136582260545,0.36254048110444587,0
4751,-0.33029930840995514,-0.6175686715060882,-1.0680164090424022,-0.5174699288750833,-0.25787017393542006,0.6696202221075394,-0.40562329243459017,0.6650556581627514,1.863444674193074,0.32243246244616264,1
158,-0.33029930840995514,-0.6175686715060882,-1.4605338430305028,-0.5396731770668676,0.3261747500049081,-0.05921382198986794,-0.1923455433095676,-0.05589146055169326,-1.1820433791611653,1.0327342941300999,0
3124,-0.33029930840995514,-0.6175686715060882,1.0579002204329762,0.831913208733146,0.5596370392582699,0.22381290941721277,-0.5785126573768307,0.21924966966017367,1.060395337411939,-1.5207666862816138,1
1399,-0.33029930840995514,-0.6175686715060882,-0.22275609985760592,0.6363014241473447,-1.8135983784661383,0.012276617683084287,0.21618440313901155,0.010308575070158331,-1.1820433791611653,1.9431285145686519,0
398,-0.33029930840995514,-0.6175686715060882,-1.1960828118481628,0.30931351158191883,0.969685856906717,0.2624931565384155,-0.6008754897581468,0.26186871043319576,-1.1820433791611653,0.12665122607812102,0
1279,-0.33029930840995514,1.6192531229948277,1.3841512076739737,0.8332820943674807,-0.2107424925634723,-1.739239154304236,-0.6008754897581468,-1.7373723653467297,0.34070064751595436,-0.3626856968830445,0
2614,-0.33029930840995514,-0.6175686715060882,0.5981439761042409,0.1674874290234211,-0.6765971589095676,-1.774984374140712,0.21618440313901155,-1.7770923867198407,-0.42067136582260545,0.30242367368793677,1
1026,-0.33029930840995514,-0.6175686715060882,0.6918037163146528,2.0191057290926997,-0.08638298417447271,0.7629262342490786,-1.009405436206726,0.7649889811592695,-1.1820433791611653,-1.4901270147739285,1
2301,-0.33029930840995514,1.6192531229948277,1.2831456054862744,0.16945723572562235,-0.41208645852661535,-0.13070426166281954,-1.009405436206726,-0.13533150329791552,1.863444674193074,-1.9566586242582076,0
497,-0.33029930840995514,-0.6175686715060882,-0.0005437750446675919,-0.7602915277134198,1.2440663595427646,-1.3102965162665252,-1.009405436206726,-1.313692137366878,-0.42067136582260545,1.1617853495482435,0
2404,-0.33029930840995514,-0.6175686715060882,0.5779428556667011,0.3171927383907244,0.26300801558509884,-0.16644948149929534,1.0332442960361699,-0.16181151754665626,1.1020726608545142,-0.6138060280659415,0
1065,-0.33029930840995514,-0.6175686715060882,0.31532828997868273,0.09854419444637345,0.2985393036962413,0.3339835962113671,0.21618440313901155,0.3280687460550474,1.1020726608545142,-0.8546623876656559,0
4122,-0.33029930840995514,-0.6175686715060882,1.2293713603693384,1.2223851737241092,-0.10801558148800507,1.140714211365858,-0.945310803539893,1.138834542735564,0.46015299107599816,-1.0383279677350967,1
1644,-0.33029930840995514,-0.6175686715060882,-0.9408141081374317,-0.07479879534734653,-1.2450977686878526,0.6914357945761264,0.21618440313901155,0.6855489384130472,4.147560714208753,2.409395425213219,1
332,-0.33029930840995514,-0.6175686715060882,-0.7736957481541475,-1.5935197627445956,-1.4049885651879952,0.7629262342490786,-1.009405436206726,0.7649889811592695,1.1020726608545142,1.8836857260926791,0
177,-0.33029930840995514,-0.6175686715060882,0.4089880301890952,0.4747772745668333,0.057716128720717894,0.012276617683084287,0.6247143495875908,0.010308575070158331,-0.42067136582260545,-0.8436561716220219,0
3313,3.0275570506458265,-0.6175686715060882,0.5844982819094565,0.3500730105081872,-2.18203168517348,0.6217569417342582,-0.0013686139910728534,0.6208511638650629,0.7461514109180913,0.11924054426833258,1
2390,-0.33029930840995514,-0.6175686715060882,-1.4238045331440667,-1.7254968117920868,-0.25416962247709163,0.4054740358843193,-0.6008754897581468,0.4075087888012696,0.34070064751595436,3.289312218299825,0
3212,3.0275570506458265,-0.6175686715060882,1.090848686444057,-0.6562684960995062,0.648300561612015,-0.6278552156530892,-0.7582255777302933,-0.6306874367626985,-1.1820433791611653,-0.2101567711193364,1
3133,-0.33029930840995514,-0.6175686715060882,1.5687413810779707,0.6866906710858532,1.1702135645204685,0.13210781465680332,1.441774242484749,0.13586201489690541,-0.42067136582260545,-1.0231266407269766,1
2004,-0.33029930840995514,-0.6175686715060882,-0.006053171527633216,0.4334113338206048,-0.26206546427956795,0.7629262342490786,-1.009405436206726,0.7649889811592695,-1.1820433791611653,-0.7657992972276114,0
312,-0.33029930840995514,-0.6175686715060882,0.756080008615916,1.365129903961848,-1.5767231243918527,-0.5596468997005309,0.21618440313901155,-0.5590117312777669,-0.42067136582260545,0.05404174780417281,0
1813,3.0275570506458265,-0.6175686715060882,-0.3402898914942016,0.8667688083049042,-0.40813853762537694,-0.9170990980652899,0.6247143495875908,-0.9164919236357668,-0.42067136582260545,-0.4712226074712903,0
1115,-0.33029930840995514,-0.6175686715060882,0.4530632020528181,1.8063666052549536,0.8453263485177175,0.08376705735603587,-1.009405436206726,0.08974861781638059,-1.1820433791611653,-0.6084372101489999,0
3586,-0.33029930840995514,-0.6175686715060882,1.8787426229112778,-0.1619720671448171,0.7987647731332952,-0.8656669208096235,0.4767236065986711,-0.8665013048990309,-0.07494454582237775,-0.9386733236371148,1
1695,-0.33029930840995514,-0.6175686715060882,0.7634258705932033,-0.8016574684596488,-0.7831910232429957,-0.6668825592099584,-0.6008754897581468,-0.66493178827273,1.863444674193074,1.1854310029388253,0
2564,3.0275570506458265,-0.6175686715060882,1.613709394464199,0.06505748050895,-1.772145209003138,-1.5605130551218565,-0.1923455433095676,-1.5652522727299147,-0.42067136582260545,0.0004971712095161643,0
4073,-0.33029930840995514,-0.6175686715060882,2.112648317787157,-0.4911922246208388,0.17306650272305657,-0.20805311252038425,-0.7593706137762682,-0.20290474147151777,-0.949050035816887,-1.1068981549367616,1
4685,-0.33029930840995514,1.6192531229948277,-1.2417587298454762,1.2180747542166974,0.4454450333051257,-0.44984609307753065,0.619828197827372,-0.45055799724185513,3.3770824426007677,-0.012429882808686264,1
1945,-0.33029930840995514,-0.6175686715060882,-0.5606657508128182,-1.376841025502446,0.7328106028324315,-0.5953921195370068,-0.6008754897581468,-0.5987317526508784,0.34070064751595436,-0.9257775964191043,1
2791,-0.33029930840995514,-0.6175686715060882,-0.5716845437787489,-0.1398024165199911,0.08929949593062252,-1.2030608567570973,0.6247143495875908,-1.2077720803719147,-1.1820433791611653,0.14608512900856344,0
5157,3.0275570506458265,-0.6175686715060882,-0.058080140685903336,-1.0924825374821823,1.2153077370522876,0.4384486700450119,-0.8376186778264607,0.43797371266723994,-1.1820433791611653,-0.03720776261326264,1
4236,-0.33029930840995514,-0.6175686715060882,1.9424546139602625,0.9282016243738483,0.4915173521092806,0.9824398392392496,-0.1923455433095676,0.9824320738821899,1.2094731871171,-0.7448221552021296,1
1682,-0.33029930840995514,-0.6175686715060882,-0.20071851392574447,0.08278574082876235,-0.5068365601563293,-1.5605130551218565,-1.009405436206726,-1.5652522727299147,1.1020726608545142,-1.420744748166809,0
4802,-0.33029930840995514,-0.6175686715060882,1.6236722430634372,0.43683172216274235,1.2056153306680037,0.3689015195636966,-0.600015933279084,0.36695304896941194,1.1020726608545142,-1.4927053676609092,1
470,-0.33029930840995514,-0.6175686715060882,0.10780768912031903,-0.18707777737282388,-1.1345559834531862,-0.09495904182634374,2.6673640818304865,-0.09561148192480409,0.34070064751595436,0.6265562751214049,0
778,-0.33029930840995514,-0.6175686715060882,-0.23744782381218058,-0.16737971035081026,-0.662779435755234,-0.9170990980652899,0.6247143495875908,-0.9164919236357668,-0.42067136582260545,0.1922192049732829,0
1482,-0.33029930840995514,-0.6175686715060882,1.589835343038016,0.4787168879712358,0.45843010019638397,-0.4881564600275788,1.441774242484749,-0.49281169565591537,1.1020726608545142,-1.9618914172614033,1
889,-0.33029930840995514,-0.6175686715060882,1.6265646529244524,-1.5836707292335888,0.38144564262224157,1.477830630978597,0.6247143495875908,1.4799493658752692,0.34070064751595436,0.2926904034866029,0
2738,3.0275570506458265,-0.6175686715060882,2.2013783526471764,-2.7379774567235864,-0.09033090507571058,-1.3102965162665252,1.0332442960361699,-1.313692137366878,0.34070064751595436,-0.7931491878012891,0
2535,-0.33029930840995514,-0.6175686715060882,-0.002380240538989293,-1.1404642212382827,-1.681343028274662,0.3339835962113671,0.21618440313901155,0.3280687460550474,-0.42067136582260545,0.9234868889082427,0
2210,-0.33029930840995514,-0.6175686715060882,1.5990176705096253,1.2587603420429752,0.11298702133805084,-1.5605130551218565,-1.009405436206726,-1.5652522727299147,-0.42067136582260545,0.022257851289855097,1
406,-0.33029930840995514,-0.6175686715060882,-0.06298360185160908,-0.023583821090111253,1.2322225968390499,-0.6311373393734826,0.6247143495875908,-0.6252117668996192,0.34070064751595436,-0.1429005327067092,0
4481,-0.33029930840995514,-0.6175686715060882,0.6489354175515383,1.6415053359004856,-0.12617746501779067,0.7629262342490786,-1.153893987821025,0.7649889811592695,-0.6434804639904023,-1.3461041249825234,1
2732,-0.33029930840995514,-0.6175686715060882,-0.5459740268582436,-0.4116357414237791,-1.213514401477948,0.5127096953937467,-0.1923455433095676,0.5134288457962326,0.34070064751595436,1.485559616645184,0
3375,-0.33029930840995514,-0.6175686715060882,-0.9885672500134556,0.1772293803674463,0.19319951492161155,-1.6250487681478387,-0.5499652347482304,-1.6212695325359228,1.863444674193074,0.4311839466818215,1
3669,-0.33029930840995514,-0.6175686715060882,-0.4653833437210675,-0.6311919918094026,-0.5734998344142972,-0.8252905843685646,0.03986849064638581,-0.8277144821907957,2.8492377778207847,0.7075650411085385,1
2761,-0.33029930840995514,-0.6175686715060882,0.18310277438751293,0.12021206817058831,0.24919029243076515,-0.38092080051815136,1.0332442960361699,-0.3868916386609524,-1.1820433791611653,-0.38676367022138824,0
114,-0.33029930840995514,1.6192531229948277,0.22350501526259245,-0.1555608701376022,-1.0279621191197577,0.2982383763748913,-0.1923455433095676,0.30158873180630663,-0.42067136582260545,0.08853915940409669,0
1712,-0.33029930840995514,-0.6175686715060882,1.5512695676572579,-1.35320334507603,-0.4693313115945678,0.11951227719251167,1.441774242484749,0.11622863206512134,1.1020726608545142,-0.48529184076684945,0
2024,-0.33029930840995514,-0.6175686715060882,2.0122224067320316,0.6481202643605533,0.4347425747889556,0.8701618937585059,-1.009405436206726,0.8709090381542325,0.34070064751595436,-0.62660434222806,1
73,3.0275570506458265,1.6192531229948277,-0.19337265194845715,-0.23829275163005914,0.23339860882581312,1.084633212777362,-0.6008754897581468,1.082749152144158,-1.1820433791611653,-0.30094043867529374,1
1625,-0.33029930840995514,1.6192531229948277,0.728533026201089,0.10051400114857471,-0.17915912535356765,1.6923019499974523,0.21618440313901155,1.6917894798651947,-0.42067136582260545,0.01297426726324915,0
2661,-0.33029930840995514,-0.6175686715060882,1.428226379537697,-0.3170850197181136,-1.8274161016204713,1.1561236524503136,1.0332442960361699,1.1621891948903802,-1.1820433791611653,0.27203576104777216,0
3394,-0.33029930840995514,-0.6175686715060882,0.9117243535993677,2.4736709760509075,-0.019228162278771666,-0.3151814640667176,-1.29182268232526,-0.31890786980412605,-0.30315405602370854,-0.5585126482990019,1
1901,-0.33029930840995514,-0.6175686715060882,0.9489088855197055,-0.24026255833226096,0.10706513998619405,0.7271810144126027,-1.4179353826553052,0.7252689597861581,-0.42067136582260545,0.014663166753448618,0
779,-0.33029930840995514,1.6192531229948277,-2.1841012477932944,-0.6893784864341709,-1.3556395539225192,1.084633212777362,1.0332442960361699,1.082749152144158,-1.1820433791611653,3.0417274888035712,0
4648,-0.33029930840995514,-0.6175686715060882,1.330024857220236,1.2210759060626524,-0.9943160350885575,1.0011672964994052,-1.009405436206726,1.0007264756029735,-0.3483435439149205,-0.010798379835205027,1
4610,3.0275570506458265,-0.6175686715060882,0.5987835595256364,2.057386574788119,-0.2936327509824559,-0.44462154852573454,0.9300717623473914,-0.44397737185258623,-0.17566774405284294,-0.8310752011721634,1
3906,-0.33029930840995514,-0.6175686715060882,-1.1305086989141846,-0.6401182538636006,0.2951642720966363,0.3096386549504535,0.2953908537751675,0.30398872353667983,1.4031276976297216,0.8700497786776643,1
208,-0.33029930840995514,1.6192531229948277,-0.2135737723859969,-0.20086642428823373,-0.1673153626498535,-0.38092080051815136,0.6247143495875908,-0.3868916386609524,1.863444674193074,1.0576888127733537,1
4999,-0.33029930840995514,-0.6175686715060882,-1.3032465854545678,0.7090614617193338,1.368827056008795,-0.17348589841948114,-0.6251316701502037,-0.17422309999409746,1.9538565378106565,0.8603348700891607,1
353,-0.33029930840995514,1.6192531229948277,0.5944710451155975,0.27976641104889843,0.7308366423818126,-0.30943036084519915,-1.009405436206726,-0.30745159591473015,-1.1820433791611653,-0.21642810494495102,0
695,-0.33029930840995514,1.6192531229948277,-1.9325054750712067,-0.46482052238321564,1.8717857828396216,1.5135758508150727,-0.6008754897581468,1.5196693872483802,0.34070064751595436,0.3861566164222131,0
4579,-0.33029930840995514,-0.6175686715060882,1.5648450162808287,2.040633652887076,-0.08865599487606672,-0.2734434533963386,1.8392552567632046,-0.2675525326599643,-0.42067136582260545,-1.5835905270126243,1
562,-0.33029930840995514,-0.6175686715060882,0.8203563009171791,2.2456334998458565,-0.36668536816237707,2.085499368198688,-0.6008754897581468,2.0889896935963055,-0.42067136582260545,-0.6616147199582781,1
4332,-0.33029930840995514,-0.6175686715060882,2.7536509074190847,0.08327854877450509,1.128131063315168,0.12305885301978951,0.6247143495875908,0.12016958048578504,-1.0309594809266416,-1.4747203278848693,1
3317,-0.33029930840995514,-0.6175686715060882,1.653616300165976,0.7491488668380651,-0.30304039053016485,1.0971716296947174,0.21618440313901155,1.0966818175528665,0.09354857595907962,-1.5009048545897665,1
2053,-0.33029930840995514,-0.6175686715060882,-1.723148408718521,0.9219233959665419,-1.1661393506630908,-0.05921382198986794,0.21618440313901155,-0.05589146055169326,0.34070064751595436,-0.3323386233191926,0
4360,1.4223420637124926,-0.6175686715060882,-1.03783280514505,-0.9396695801996572,0.4881725987149922,-0.7926001408347528,-1.2226386449369786,-0.7931328265374961,-0.02327137384422423,0.08826954015177783,1
1580,-0.33029930840995514,-0.6175686715060882,0.44204440908688736,-0.7721103679266283,-0.5048625997057103,-0.6668825592099584,-0.6008754897581468,-0.66493178827273,-1.1820433791611653,-0.028635776899042533,0
3148,3.0275570506458265,1.6192531229948277,-0.533901352777717,0.7486945873154756,0.18357093844683564,1.3175907997332337,1.059419237829017,1.315979473593923,0.5619700501064145,-0.32475571586589846,1
711,-0.33029930840995514,-0.6175686715060882,0.7211871642238021,0.8254028675586758,-2.2834009657134713,0.012276617683084287,-0.6008754897581468,0.010308575070158331,1.863444674193074,-0.38940321742406403,0
4919,-0.33029930840995514,-0.6175686715060882,-0.08481623747711722,-1.1274315670068051,-0.5706512751243282,1.7964264400497527,-0.6400869444563517,1.801345207333364,3.24003293202614,0.9693037401252564,1
3625,-0.33029930840995514,-0.6175686715060882,-0.542824904613444,-0.6549971060879181,0.5832418672214807,-0.041844884589072984,1.0749594893662928,-0.040320686148920704,4.498755961512995,1.0408854834925705,1
4016,-0.33029930840995514,-0.6175686715060882,-0.1703649645592252,-0.021511402540690006,-1.1887147361851536,-0.04656945383071709,-0.6008754897581468,-0.05178561577741686,2.624816687531634,1.194121381033084,1
3916,-0.33029930840995514,-0.6175686715060882,2.3076128797739566,-0.25245896872333873,0.6649147582263095,-0.6295708178549155,0.21419510544016013,-0.6236644639848097,-1.1746285220263535,-0.6233032712142021,1
924,-0.33029930840995514,1.6192531229948277,0.5026477703995071,1.250881115234169,-0.585794978181091,-0.3451755806816749,2.6673640818304865,-0.34717161728784157,0.34070064751595436,0.5105618956251492,0
32,-0.33029930840995514,-0.6175686715060882,-0.4890435965342677,-0.5849787312174991,1.0960193257463362,0.6199453549031747,0.21618440313901155,0.6193489027911957,0.34070064751595436,0.38669623509956275,0
2653,-0.33029930840995514,-0.6175686715060882,0.2914542385524996,0.2206722099828576,-1.2450977686878526,1.7280471698339281,2.6673640818304865,1.7315095012383062,-0.42067136582260545,1.0520479728652077,0
113,-0.33029930840995514,1.6192531229948277,2.3593143851588523,0.9238932026687438,-0.958873503348091,-1.0243347575747177,-0.6008754897581468,-1.02241198063073,-0.42067136582260545,-0.28032183542313904,0
4624,-0.33029930840995514,1.6192531229948277,-0.2407435414201308,-0.11473313505566234,-0.5873305301593126,-0.14384198166397294,0.06953354376626694,-0.14619569279678213,2.533712913272162,0.9256891121650389,1
154,-0.33029930840995514,-0.6175686715060882,-2.127170817469318,-0.10040628247596388,0.1702318744060033,-0.09495904182634374,0.6247143495875908,-0.09561148192480409,-0.42067136582260545,0.6774697053502353,0
4525,-0.33029930840995514,-0.6175686715060882,1.0722941614207,0.9090037779711888,0.6844828734706228,0.18835846453148616,-0.5131253006042908,0.1837562104047655,1.020303210698282,-1.5578747457345068,1
1206,3.0275570506458265,-0.6175686715060882,0.0637325172565956,0.114302648063984,0.04587236601700372,0.2982383763748913,0.6247143495875908,0.30158873180630663,-0.42067136582260545,0.11936553153144425,0
349,-0.33029930840995514,-0.6175686715060882,-0.3476357534714889,0.7111540788309966,0.8611180321226695,0.15525749702898747,-1.4179353826553052,0.15594865343823278,-0.42067136582260545,-0.5842367248931486,0
1290,-0.33029930840995514,1.6192531229948277,-0.5661751472957838,-0.6618011926033517,1.3644779470305268,0.04802183751956008,1.0332442960361699,0.050028596443269756,-1.1820433791611653,0.06781073403676395,0
4417,-0.33029930840995514,-0.6175686715060882,-1.1618021222739459,0.295759367723341,1.0691452605556397,-0.09325689235888512,-0.8362665530380771,-0.09258519844048085,1.863444674193074,-0.6078335588446618,1
2900,-0.33029930840995514,-0.6175686715060882,0.5705969936894137,-0.7228652003715944,-0.0015026847978534977,-0.30943036084519915,0.21618440313901155,-0.30745159591473015,-1.1820433791611653,-0.27734716073595395,0
1149,-0.33029930840995514,-0.6175686715060882,0.4897925119392542,0.20294394966304524,-0.10414862823004424,-0.023468602153392144,0.6247143495875908,-0.029411446302952504,-0.42067136582260545,0.22674616474206724,0
4183,-0.33029930840995514,-0.6175686715060882,-0.08824403369102152,0.40317239324946075,0.38008111694365665,-0.3416745963994341,-0.6008754897581468,-0.3427444662700494,2.624816687531634,-0.007867283843929318,1
2670,-0.33029930840995514,-0.6175686715060882,-0.05012834339135613,-0.2639002387586771,-0.09230486552632951,-1.346041736103001,-0.6008754897581468,-1.3401721516156186,0.34070064751595436,-0.33449186790161073,0
3723,3.0275570506458265,-0.6175686715060882,1.1441465977056224,0.2393298720623166,-1.130050219180288,-0.4626941801605347,-0.8488615127663683,-0.4649828105229438,-1.1820433791611653,-0.8127230798586607,1
2263,-0.33029930840995514,-0.6175686715060882,0.32083768646164834,-0.20677584439483748,0.20576316251714635,2.085499368198688,1.441774242484749,2.0889896935963055,-1.1820433791611653,-0.8901568251697073,0
2159,-0.33029930840995514,-0.6175686715060882,0.32083768646164834,0.43144152711840356,0.47027386290009865,0.11951227719251167,0.6247143495875908,0.11622863206512134,0.34070064751595436,-0.5571762780887008,0
719,-0.33029930840995514,1.6192531229948277,-0.8600096263872726,0.07293670731775555,-0.9233422152369485,0.9416523334314582,1.0332442960361699,0.9371090737760841,1.1020726608545142,0.23390759790188478,0
3288,3.0275570506458265,-0.6175686715060882,0.9149181068609243,1.100805758233495,0.10866727969225337,-0.039889705699536704,-1.0263942170829254,-0.03662088966044863,1.7684593561350663,-0.582581491125707,1
857,-0.33029930840995514,-0.6175686715060882,-0.6598348875061958,-0.9553023912313546,-0.13967991634118673,-0.5953921195370068,-0.6008754897581468,-0.5987317526508784,-0.42067136582260545,1.4248298084149256,0
216,-0.33029930840995514,1.6192531229948277,-0.33478049501123597,0.9731383702237778,-1.1661393506630908,-1.3102965162665252,1.441774242484749,-1.313692137366878,-0.42067136582260545,0.09305559552231106,0
3398,-0.33029930840995514,-0.6175686715060882,-1.9720963337816817,-0.8121708667539966,0.00841730478758207,-0.5953596125562671,-0.6008754897581468,-0.5972271947332164,1.863444674193074,0.7203821228281195,1
4498,3.0275570506458265,-0.6175686715060882,0.16845482647784765,1.1592017227642564,0.03242209994976856,1.3208586717151718,0.42678677216689365,1.3199553034890512,-0.42067136582260545,-0.6441120995486241,1
2142,-0.33029930840995514,-0.6175686715060882,1.1160272455029903,-0.7149859735627888,0.7742637722954313,0.11951227719251167,-1.009405436206726,0.11622863206512134,-0.42067136582260545,-0.10024083514285068,0
1275,-0.33029930840995514,-0.6175686715060882,-0.5018988549945207,-1.2547130099659618,-0.3074665546438057,-0.16644948149929534,-0.6008754897581468,-0.16181151754665626,-1.1820433791611653,1.1965189830402543,0
1823,3.0275570506458265,-0.6175686715060882,1.4245534485490536,2.19244871888642,-0.36471140771175814,-0.5239016798640546,0.6247143495875908,-0.5192917099046561,-0.42067136582260545,-1.6848693614017891,1
296,-0.33029930840995514,-0.6175686715060882,0.5026477703995071,0.4629584343536252,-0.08046110282261534,-0.7026277790464341,-1.009405436206726,-0.7046518096458408,1.1020726608545142,-1.0637937900325283,0
2350,-0.33029930840995514,-0.6175686715060882,0.5485594077575523,0.20885336976964955,1.7711137998580497,-1.0958251972476696,-0.1923455433095676,-1.1018520233769522,-0.42067136582260545,-0.0025166976455850043,0
1594,-0.33029930840995514,-0.6175686715060882,-0.23377489282353667,0.691456011808983,2.094843313759574,-0.3451755806816749,-1.4179353826553052,-0.34717161728784157,-0.42067136582260545,-0.9581290642755406,0
260,3.0275570506458265,-0.6175686715060882,-0.5753574747673929,-0.7701405612244265,1.1414204161105743,0.2624931565384155,-0.1923455433095676,0.26186871043319576,-1.1820433791611653,0.3661698938828702,0
3627,-0.33029930840995514,1.6192531229948277,0.16823664441352776,-1.7503771274899225,-0.3260916399791602,-1.2093626895044192,-0.2107161238269224,-1.2081783048024117,1.3444509936583593,0.9217901522106321,1
3184,-0.33029930840995514,-0.6175686715060882,-0.3055633849745367,-1.122680202639433,-0.5251931437548779,-1.2512925031922588,-0.13588869012699906,-1.2522184724118728,1.5477909380492876,0.9370498450513588,1
3522,1.0446998454176195,-0.6175686715060882,2.9380392867948224,0.15514987175157735,0.8699881937906362,0.7384270081777538,1.441774242484749,0.7407903196908887,0.028928563738404856,-1.3149262545693583,1
2645,-0.33029930840995514,-0.6175686715060882,1.9938577517888134,-1.240924363050552,0.09916929818371775,-3.669481025473936,-1.8264653291038841,-3.670413405504803,-1.1820433791611653,-0.7786190166969545,0
423,-0.33029930840995514,-0.6175686715060882,-1.2107745358027373,-0.8331743756948705,-0.2719352665326632,0.08376705735603587,0.6247143495875908,0.08974861781638059,0.34070064751595436,0.5733864157736314,0
891,-0.33029930840995514,-0.6175686715060882,0.8589220762979375,1.4458919787521045,0.8137429813078123,-0.7383729988829106,-0.6008754897581468,-0.7443718310189522,0.34070064751595436,-0.8835710236801164,1
2747,-0.33029930840995514,-0.6175686715060882,0.7579164741102382,-0.8804497365477032,-0.26798734563142473,0.08376705735603587,-0.1923455433095676,0.08974861781638059,0.34070064751595436,-0.5297299337749307,0
1015,-0.33029930840995514,-0.6175686715060882,0.5559052697348397,-0.1260137696045818,-0.02124228930404396,0.3697288160478435,-0.6008754897581468,0.3677887674281582,-1.1820433791611653,-0.9107781790704971,0
4906,-0.33029930840995514,-0.6175686715060882,-2.598384844153636,-0.7253187604328436,-0.6504177132294868,-1.3179149111540864,-1.3174764865055761,-1.315646158402967,1.863444674193074,1.1049538095244884,1
901,-0.33029930840995514,-0.6175686715060882,1.0131851778209686,-0.1023760891781657,1.0249567495240506,-0.6668825592099584,1.441774242484749,-0.66493178827273,0.34070064751595436,-1.075668434096236,0
54,-0.33029930840995514,-0.6175686715060882,-1.497263152916939,0.7840369268124467,1.0525921958327173,0.08376705735603587,-0.1923455433095676,0.08974861781638059,-1.1820433791611653,-0.4752418467447571,0
3720,3.0275570506458265,-0.0611521668955215,0.32194142669928816,0.6436489420030366,0.84137463797723,1.4324805811992898,-0.49925237190830535,1.4296225077781735,0.34070064751595436,-0.32641504726419185,1
236,-0.33029930840995514,-0.6175686715060882,0.9507453510140278,0.468867854460229,0.2590600946838604,-1.0958251972476696,1.0332442960361699,-1.1018520233769522,-0.42067136582260545,-1.5401067814444,0
2636,-0.33029930840995514,-0.6175686715060882,-0.36416394292038523,-0.8962081901653138,1.0703578398882883,-0.6668825592099584,-0.6008754897581468,-0.66493178827273,-0.42067136582260545,0.2546615728559186,0
393,-0.33029930840995514,-0.6175686715060882,-1.7653871150879223,0.616603357125331,-1.0812590512864722,-0.952844317901766,0.21618440313901155,-0.9562119450088783,-0.42067136582260545,2.332732383022151,0
436,-0.33029930840995514,-0.6175686715060882,0.5926345796212757,1.1740586538483164,-1.1306080625519483,0.1910027168654639,1.0332442960361699,0.1956686748113436,-1.1820433791611653,-0.20418240694022818,0
4409,-0.33029930840995514,-0.6175686715060882,1.1307683469435414,0.7795350739137785,0.21118604905946048,1.8377820984285198,-0.4501290429078054,1.8359570209122489,0.5401842277551551,-0.7031519061902587,1
2367,-0.33029930840995514,-0.6175686715060882,0.04720432780769924,0.20885336976964955,0.11693494223928928,-1.2388060765935733,-1.4179353826553052,-1.2342520946206557,-0.42067136582260545,-0.02077258098154515,0
2071,3.0275570506458265,-0.6175686715060882,-1.0767125547172454,0.6717579447869694,-2.0998226438059,0.4054740358843193,2.6673640818304865,0.4075087888012696,0.34070064751595436,0.764142256813562,0
4357,-0.33029930840995514,-0.6175686715060882,1.3659435180378399,1.0511803316972332,0.8245345592427713,0.1231771992342322,0.07226589257350885,0.1273714213061844,0.07248156811063183,-0.6678964238499698,1
385,-0.33029930840995514,1.6192531229948277,0.32634708294461395,-1.1778905485801086,0.20971108341838424,-0.05921382198986794,-0.1923455433095676,-0.05589146055169326,0.34070064751595436,0.5297978293764284,1
977,3.0275570506458265,-0.6175686715060882,0.01598441440422876,-0.1358628031155886,0.5097530719124796,-0.6668825592099584,0.21618440313901155,-0.66493178827273,-1.1820433791611653,-0.14994574217072013,0
2604,-0.33029930840995514,1.6192531229948277,-0.6910548009096663,0.5515997359526864,-0.12586219318685363,-0.5596468997005309,0.21618440313901155,-0.5590117312777669,-1.1820433791611653,-0.07798620631375483,0
2662,-0.33029930840995514,-0.6175686715060882,0.4108244956834169,0.510233795206458,0.31630494775181284,1.2276140921232652,0.6247143495875908,1.2283892305122324,1.1020726608545142,-0.9957448675734253,0
1656,3.0275570506458265,-0.6175686715060882,1.051750953201727,1.268609375553982,-0.9687433056011862,-0.2736851410087234,-1.009405436206726,-0.2677315745416193,-0.42067136582260545,-0.3927962858913337,1
2580,-0.33029930840995514,-0.6175686715060882,-0.04829187789703442,-1.9323265155232299,0.24129445062828886,0.08376705735603587,-1.009405436206726,0.08974861781638059,1.863444674193074,0.12517548991368008,1
4367,-0.33029930840995514,-0.6175686715060882,-1.0197486769431638,-0.24357962662332694,-0.588897863267504,0.7689940295078123,0.09778632701272927,0.764437248057314,1.9369969987160989,1.1310795206174071,1
5068,-0.33029930840995514,1.6192531229948277,-0.09338088026676855,0.5452093644093167,-0.13387364274677788,1.2645997973437675,0.22563602454600973,1.269334518584672,-0.03558164280246934,-0.22390868231614208,1
2021,-0.33029930840995514,-0.6175686715060882,1.6779856867654621,0.4984149549932494,-0.44761774663775783,-0.5239016798640546,0.21618440313901155,-0.5192917099046561,-1.1820433791611653,-1.2368445319589807,1
3997,-0.33029930840995514,-0.6175686715060882,-0.03834409586064716,-0.998882945492218,-1.0923843329598693,0.1072707435220479,-0.44577804768075024,0.10581279419197873,-1.037516823929808,0.17215923515527837,1
702,-0.33029930840995514,-0.6175686715060882,0.7726081980648123,1.6606009092920524,-0.6726492380083292,0.8701618937585059,0.6247143495875908,0.8709090381542325,1.863444674193074,-1.6958956247734107,0
4837,-0.33029930840995514,-0.6175686715060882,2.080939605601287,-0.11068285300478221,0.09118036388800854,-0.25458378765301914,0.020565872601442492,-0.2511646379951187,-0.45289989415367843,-0.4327458629580976,1
1190,-0.33029930840995514,-0.6175686715060882,-0.7736957481541475,0.7229729190442047,0.10311721908495562,1.3348497516326931,2.6673640818304865,1.334309287507195,1.1020726608545142,-0.2254457393214851,0
4466,-0.33029930840995514,-0.6175686715060882,-0.48084941814698573,-0.565702410868207,-0.127000085773797,-0.5915042677925826,0.21618440313901155,-0.5924406862170777,2.004385377072503,0.3019711584324466,1
3878,-0.33029930840995514,-0.6175686715060882,1.437074576034057,0.7437137739569233,-0.10098788703875616,-0.6515171803411087,-0.3652877430420584,-0.6529767215105937,0.6630108035918671,-1.1107801995609567,1
3700,-0.33029930840995514,-0.6175686715060882,2.5430219617750307,-0.9397049019820073,-1.5225407859948703,0.023225718027016715,0.9746111904565479,0.02532554676354139,-0.42067136582260545,-1.4083456870504305,1
3197,-0.33029930840995514,-0.6175686715060882,1.1455844871546588,1.2776333891424216,-0.08439330189006693,1.2075518898546003,-0.8689224267480686,1.2056774556403438,0.6025170276399037,-1.022888925208794,1
5011,3.0275570506458265,1.6192531229948277,0.5033272342003801,0.8955012005951979,-0.7477472688065605,2.338833858782043,0.04953831699507205,2.3358865788410625,-1.1820433791611653,0.33332053413180673,1
674,-0.33029930840995514,-0.6175686715060882,1.0444050912244398,1.7019668500382814,-0.18705496715604397,1.2633593119597415,-0.1923455433095676,1.2681092518853432,-0.42067136582260545,-1.1950756386370949,1
763,-0.33029930840995514,-0.6175686715060882,0.5907981141269535,-0.04328188811212486,1.9783796471730495,-1.346041736103001,1.8503041889333283,-1.3401721516156186,-0.42067136582260545,-0.5241753632778893,0
215,-0.33029930840995514,-0.6175686715060882,0.1022982926373534,0.6323618107429422,-0.9726912265024246,-0.4166660203546272,1.0332442960361699,-0.41337165290969313,-1.1820433791611653,0.4546069460561158,0
4703,3.0275570506458265,-0.6175686715060882,1.551917509265341,1.0705633682346527,-0.8215851386950602,1.0869790986369205,0.8714958023744116,1.085895013322065,-0.42067136582260545,-0.9270527280451004,1
148,3.0275570506458265,-0.6175686715060882,1.4025158626171919,-1.181830161984511,2.1205047996176205,0.6556905747396505,-1.009405436206726,0.6590689241643065,-0.42067136582260545,-0.31324068227343727,1
1073,-0.33029930840995514,-0.6175686715060882,1.587998877543694,-1.3945692858222583,-0.7042326052182338,1.0131427731044098,0.6247143495875908,1.0165491165223064,1.1020726608545142,-0.5062946978568577,0
569,-0.33029930840995514,-0.6175686715060882,-0.3549816154487762,1.3119451230024117,0.5334405973199079,-0.3451755806816749,0.21618440313901155,-0.34717161728784157,0.34070064751595436,-1.352735790813089,0
1431,-0.33029930840995514,-0.6175686715060882,0.01782087989855046,0.5732676096769013,0.6123990153446698,0.11951227719251167,-0.6008754897581468,0.11622863206512134,-1.1820433791611653,-0.629588138662446,0
2453,-0.33029930840995514,-0.6175686715060882,-0.5110811824661297,-1.6132178297666093,-0.42393022123032953,0.08376705735603587,0.6247143495875908,0.08974861781638059,-1.1820433791611653,0.9945840138748517,0
3310,-0.33029930840995514,1.6192531229948277,-1.0840637696730084,0.8204176752994439,2.0388975666595117,-0.35173455432379935,0.015085699092325544,-0.352834755415515,1.6057200462846735,-0.4738790686673352,1
2026,-0.33029930840995514,-0.6175686715060882,-0.05747420536864345,-0.8292347622904674,2.0751037092533835,-0.3451755806816749,-0.6008754897581468,-0.34717161728784157,1.863444674193074,0.1453407779935106,0
1173,-0.33029930840995514,-0.6175686715060882,-0.6818724734380572,-1.4713917472081113,1.4355405232528118,-2.0252009129960435,-0.1923455433095676,-2.0286525220828775,-0.42067136582260545,0.47022205231363745,0
4924,3.0275570506458265,-0.6175686715060882,-0.2771200333967939,0.0029837824599618923,1.0739846046418462,-0.26681428835234267,-1.009405436206726,-0.2679891792615856,-0.567020302667105,0.13188096565409638,1
3244,-0.33029930840995514,-0.6175686715060882,-0.7726983324780803,0.6749530859988955,0.21430250181731503,0.2620445849377203,-0.5774474573293349,0.2660920700367017,-0.8231886340358059,0.19855509890690104,1
483,-0.33029930840995514,-0.6175686715060882,-1.9600524574860339,1.3040658961936067,0.41500297028276517,0.5484549152302232,-1.009405436206726,0.5531488671693435,0.34070064751595436,0.5466046439161418,0
2487,-0.33029930840995514,-0.6175686715060882,-1.3980940162235613,-0.22844371811905234,0.50777911146186,1.477830630978597,-0.6008754897581468,1.4799493658752692,-0.42067136582260545,1.2256262353811573,0
3937,3.0275570506458265,1.6192531229948277,-0.2741681523163381,-0.7871512071549971,-0.07358697522654453,1.2553045927078523,-0.6008754897581468,1.2543369921579386,-1.1820433791611653,0.31442370319505,1
4487,-0.33029930840995514,-0.6175686715060882,-1.1053830499626476,0.17631455898116624,0.303511254460468,-0.9420376476101097,0.21618440313901155,-0.9464536811212101,-0.42067136582260545,1.0217428817796876,1
2546,-0.33029930840995514,-0.6175686715060882,-1.1373159160298651,0.2580985373246836,0.7505762468880031,-0.5239016798640546,0.21618440313901155,-0.5192917099046561,-0.42067136582260545,-0.5611212376924631,0
1679,-0.33029930840995514,1.6192531229948277,0.9782923334288548,-0.34269250684673147,0.10509117953557512,0.977397553267934,-1.009405436206726,0.9768290951491949,-1.1820433791611653,-0.16469887820454965,0
27,-0.33029930840995514,-0.6175686715060882,1.9663107693739863,0.43932075392720854,0.04389840556638423,0.4412192557207951,0.21618440313901155,0.4472288101743805,-0.42067136582260545,-1.1705769824960663,1
2871,-0.33029930840995514,-0.6175686715060882,0.006802086932619734,-1.00651736548859,-0.6568575544033772,-0.16644948149929534,1.0332442960361699,-0.16181151754665626,0.34070064751595436,0.751056910313238,0
1008,-0.33029930840995514,-0.6175686715060882,-0.015235498999242243,1.3808883575794593,0.8769097157276221,2.192735027708115,0.21618440313901155,2.1949097505912682,0.34070064751595436,-0.8605012140198676,0
43,-0.33029930840995514,-0.6175686715060882,-0.006053171527633216,1.6231745819502268,1.6566240937221448,-1.5962582749583325,1.0332442960361699,-1.5917322869786554,0.34070064751595436,-1.9017685542888307,0
5061,3.0275570506458265,-0.6175686715060882,0.9853693271277116,1.6087316494229078,-0.27838987503038615,0.39563803766281025,-1.3898316260895045,0.3974898578899327,-0.26354153552576787,-1.0395122902750553,1
2821,-0.33029930840995514,1.6192531229948277,0.7762811290534563,0.19112510944983718,0.40118524712843207,0.7629262342490786,1.8503041889333283,0.7649889811592695,-0.42067136582260545,0.29067309496577054,0
4366,-0.33029930840995514,-0.6175686715060882,0.7945727188181275,1.5298847079747275,1.4097929029278211,-0.9614191023528059,0.1017932830472549,-0.9577966683713632,-1.1820433791611653,-1.08608773026348,1
960,-0.33029930840995514,-0.6175686715060882,-0.3164158400680179,0.2521891172180793,-0.18508100670542502,0.2267479367019397,-1.009405436206726,0.22214868906008436,-1.1820433791611653,-0.2275112664654335,0
547,-0.33029930840995514,-0.6175686715060882,-0.7516581622222861,-0.037372468005520555,0.05179424736886053,-0.8813538782288141,-0.1923455433095676,-0.876771902262656,-1.1820433791611653,0.7726115512143615,0
1326,-0.33029930840995514,-0.6175686715060882,-0.9334682461601449,-1.6407951235974285,-0.060721498316424885,0.1910027168654639,0.21618440313901155,0.1956686748113436,-1.1820433791611653,2.4317916762997913,0
444,-0.33029930840995514,-0.6175686715060882,-1.702947288280981,-1.8279267603065577,0.05574216827009896,1.0488879929408856,-0.6008754897581468,1.043029130771047,-0.42067136582260545,1.2922310938085206,0
4986,3.0275570506458265,-0.6175686715060882,-0.7956715168300632,-0.01584846944221968,0.32577392427729535,1.370594971469169,0.11637745394344401,1.3740293088803062,-0.22888367108460111,0.6747827084297984,1
4524,3.0275570506458265,-0.6175686715060882,0.49594996195616914,-0.9011696635137557,1.4798744931024466,0.012632090953603181,-1.009405436206726,0.011196309806217442,-0.9685563526649684,0.09715299352011375,1
578,-0.33029930840995514,1.6192531229948277,1.1068449180313813,1.6743895562074615,1.0900974443944789,-0.2736851410087234,-0.1923455433095676,-0.2677315745416193,-1.1820433791611653,-1.6668605360973439,0
108,-0.33029930840995514,1.6192531229948277,-0.26499480622700766,1.3020960894914049,0.971659817357336,0.2267479367019397,-0.1923455433095676,0.22214868906008436,-0.42067136582260545,-0.9476295695071825,0
1753,-0.33029930840995514,-0.6175686715060882,1.108681383525703,1.1957265275725317,0.11101306088743192,-0.4881564600275788,-0.1923455433095676,-0.49281169565591537,0.34070064751595436,-1.0398083780801066,1
2394,3.0275570506458265,1.6192531229948277,-0.11991403217558494,0.1674874290234211,0.584763569036003,0.6914357945761264,-0.1923455433095676,0.6855489384130472,-1.1820433791611653,-0.6049750612431868,0
2431,-0.33029930840995514,-0.6175686715060882,1.1252095729745992,-1.1109171207052622,-1.4957907459164717,0.4769644755572709,-1.4179353826553052,0.47370882442312123,-1.1820433791611653,0.4239571265316183,0
2039,-0.33029930840995514,-0.6175686715060882,-0.4064026492897865,-0.6519521590923449,-0.2502217015758532,-0.5239016798640546,-0.6008754897581468,-0.5192917099046561,1.1020726608545142,0.8806011857135848,0
4499,3.0275570506458265,1.6192531229948277,0.23351423768558965,-1.7197535713589147,-0.40531992230419567,1.4551225633109164,0.24776391909700757,1.4552279323125252,-0.7866437879344905,1.4280429078729222,1
4959,-0.33029930840995514,-0.6175686715060882,-0.8835576174965794,0.8968761507014027,0.34087397787789897,0.3697288160478435,0.18638000232648078,0.3677887674281582,2.65258972699943,-0.27736127918041353,1
4729,-0.33029930840995514,-0.6175686715060882,-0.2252421663274528,0.575072057269853,-0.19793611566899724,0.12275430892278187,0.2050685080189569,0.11947091769623411,-0.4137658488413825,-0.5366526508127223,1
2689,-0.33029930840995514,-0.6175686715060882,-0.4082391147841082,-0.06691956853854097,-1.4464417346509957,-0.6668825592099584,-0.1923455433095676,-0.66493178827273,0.34070064751595436,0.9259763250544288,0
2875,-0.33029930840995514,-0.6175686715060882,-0.3402898914942016,-0.19692681088383068,0.5176489137149554,0.6556905747396505,-0.1923455433095676,0.6590689241643065,1.863444674193074,0.576678776729316,0
3742,-0.33029930840995514,-0.6175686715060882,2.414049508613844,-0.3808611290882781,-0.5822151739191043,0.8246298557482709,-0.1923455433095676,0.8290540972730065,-0.36482610989794567,-0.5294683490203641,1
1950,-0.33029930840995514,-0.6175686715060882,-0.353145149954454,0.40189442658538316,-1.008222514613567,0.3339835962113671,-1.009405436206726,0.3280687460550474,-1.1820433791611653,1.190605901743037,0
433,-0.33029930840995514,1.6192531229948277,0.5448864767689083,-0.8115065019706557,-0.3923468540204249,-0.2736851410087234,-0.6008754897581468,-0.2677315745416193,-1.1820433791611653,-0.6004791959815723,0
2334,-0.33029930840995514,-0.6175686715060882,-0.7571675587052512,0.691456011808983,-0.44169586528590105,-0.23793992117224755,-0.1923455433095676,-0.24125156029287853,1.1020726608545142,1.1892810541413805,0
4878,-0.33029930840995514,1.6192531229948277,0.3228803917184196,0.473024238647979,0.24395681581976147,-0.3451755806816749,0.6579716018480518,-0.34717161728784157,-0.05548063760951749,0.2826191137131294,1
1185,-0.33029930840995514,1.6192531229948277,-0.23928428930650228,-0.35254154035773827,-1.588566887095567,-0.6311373393734826,-0.6008754897581468,-0.6252117668996192,-1.1820433791611653,0.7457170086143269,0
1942,-0.33029930840995514,-0.6175686715060882,-0.7718592826598258,0.04535941348693638,-1.0161183564160434,1.1203784326138377,-1.009405436206726,1.1224691735172694,-1.1820433791611653,1.4588026287959006,0
3209,3.0275570506458265,1.6192531229948277,-0.029545578380127505,0.2354790592564135,0.32756418832265966,2.2979281553100592,-0.16687875949107564,2.2935736479182904,-1.0396570255704356,-0.6109690533810908,1
1557,-0.33029930840995514,-0.6175686715060882,-0.7314570417847464,0.03354057327372832,0.0419244451157653,0.3697288160478435,0.21618440313901155,0.3677887674281582,0.34070064751595436,0.1674261070733168,0
1236,-0.33029930840995514,-0.6175686715060882,0.05822312077362997,0.8982857155401258,0.3261747500049081,-0.5239016798640546,-1.009405436206726,-0.5192917099046561,-0.42067136582260545,-0.4995835742042787,0
3566,3.0275570506458265,-0.6175686715060882,0.4374061268500832,-0.5366146747161561,-0.6624755583632972,0.39651311529268596,-0.7341718083971989,0.3958711605053513,0.8536500240929092,-0.47586316232494263,1
4702,3.0275570506458265,-0.6175686715060882,-0.7711044495162587,-0.18618141628436125,-0.7297568033991414,0.21759673441688834,-0.49220621970237866,0.2163491418717428,1.5840214288582386,1.0305269509899806,1
1699,-0.33029930840995514,-0.6175686715060882,0.21064975680234002,2.32245596123171,0.9045451620362889,-1.346041736103001,-0.1923455433095676,-1.3401721516156186,-1.1820433791611653,-1.4109830369652785,0
407,-0.33029930840995514,-0.6175686715060882,0.18861217087047857,-1.047883306234819,-0.5680293341255201,0.11951227719251167,0.21618440313901155,0.11622863206512134,-0.42067136582260545,0.5779538191179807,0
3591,-0.33029930840995514,-0.6175686715060882,-1.095059253879222,0.1822137109629106,1.1122985853613334,0.3167620431710563,0.8056580683472843,0.3218398732372746,3.9354859496903276,-0.31751124272204206,1
3036,-0.33029930840995514,-0.6175686715060882,1.940127048129777,1.1478190637523065,0.8942772705048136,0.3927124553351443,0.04401647064444675,0.3960702095369124,1.4229398250251175,-1.0492580367435662,1
2134,3.0275570506458265,-0.6175686715060882,-0.8416449714440546,-0.25799081865207274,-0.3864249726685675,0.15525749702898747,-1.009405436206726,0.15594865343823278,-0.42067136582260545,-0.4731312597372005,1
2027,-0.33029930840995514,1.6192531229948277,-0.353145149954454,0.029600959869325826,-0.2048206112116155,-1.0243347575747177,-0.6008754897581468,-1.02241198063073,-1.1820433791611653,0.2793278118232506,0
3253,-0.33029930840995514,-0.6175686715060882,0.9330847343347842,0.9436370631587713,1.073306745340609,-0.3115282256067023,-0.23080090106033446,-0.313521627108553,-0.07581973728017016,-0.9932119525777345,1
2593,-0.33029930840995514,-0.6175686715060882,-0.2154102378803186,-0.6539219657945468,-1.7997806553118048,-0.6668825592099584,3.0758940282790657,-0.66493178827273,-0.42067136582260545,-0.10699762655461284,0
2457,-0.33029930840995514,1.6192531229948277,-0.08869411877211446,0.6146335504231298,2.051416183845954,-0.4881564600275788,-1.009405436206726,-0.49281169565591537,-0.42067136582260545,-1.0724571521186608,0
1457,3.0275570506458265,1.6192531229948277,0.44020794359256565,-0.011764980876902639,0.24721633198014623,1.1203784326138377,0.6247143495875908,1.1224691735172694,-0.42067136582260545,-0.9206123064866417,1
2623,-0.33029930840995514,-0.6175686715060882,-0.5551563543298526,-0.2717794655674826,-1.0200662773172813,-0.845608658392338,-0.1923455433095676,-0.8502918880139153,4.147560714208753,1.0594132903488795,1
1479,-0.33029930840995514,1.6192531229948277,-0.05012834339135613,-0.11616473609357499,0.237346529727051,-0.7026277790464341,-0.1923455433095676,-0.7046518096458408,-1.1820433791611653,-0.39711631770717215,0
1098,-0.33029930840995514,1.6192531229948277,-0.4835342000513026,1.2292132415099548,-1.3122124240089004,0.5842001350666989,1.0332442960361699,0.5796288814180842,-0.42067136582260545,0.25049011991257936,0
1072,-0.33029930840995514,1.6192531229948277,-2.2153211611967647,2.060471669838929,-0.8404358763109482,0.6556905747396505,0.6247143495875908,0.6590689241643065,-1.1820433791611653,0.1918891285056608,0
2612,-0.33029930840995514,-0.6175686715060882,-1.6992743572923374,-0.14374202992439417,0.08535157502938465,0.2624931565384155,0.21618440313901155,0.26186871043319576,-1.1820433791611653,0.5414443774271451,0
3622,-0.33029930840995514,-0.6175686715060882,1.9392434719350082,0.7321726071730573,0.6334215188859151,0.5907247517852134,-0.876335847731755,0.5905874841053629,0.09270056484863726,-0.8353385819018591,1
1759,-0.33029930840995514,-0.6175686715060882,-1.2217933287686682,-0.6243748652615263,-0.8858369666751864,-0.38092080051815136,0.21618440313901155,-0.3868916386609524,0.34070064751595436,0.9221553856014664,1
1506,-0.33029930840995514,1.6192531229948277,0.9287077650821658,1.7078762701448857,-0.481175074298282,-1.2030608567570973,-0.6008754897581468,-1.2077720803719147,0.34070064751595436,-1.3236446727078353,0
4532,-0.33029930840995514,-0.6175686715060882,0.9341963396455398,1.4718276759410753,0.34491645761039924,0.40629451155714835,0.1410537613636867,0.4065183476915714,0.7913966601703123,-1.5126724975197574,1
1640,-0.33029930840995514,-0.6175686715060882,1.6816586177541064,0.7111540788309966,0.7584720886904793,-0.16644948149929534,0.21618440313901155,-0.16181151754665626,0.34070064751595436,-0.5488774353857733,1
3816,-0.33029930840995514,-0.6175686715060882,2.1644068252023283,-0.3768222782039968,1.3899820092331487,0.5077822856232062,-0.1360304763188485,0.5085618871173679,-1.112074267865483,-1.4310024190248,1
5123,3.0275570506458265,-0.6175686715060882,-0.5146758808110262,-0.484512134565067,0.5879964704602609,2.0264457436374137,-0.11993703328832034,2.028062777177607,0.34070064751595436,0.6005885592589076,1
234,-0.33029930840995514,-0.6175686715060882,0.8038281114682834,-0.6657408060077548,0.03008068241205113,-2.0609461328325196,-0.1923455433095676,-2.055132536331618,-1.1820433791611653,-0.051937570640501855,1
4783,1.4753735245531399,-0.6175686715060882,-1.001054745415589,-0.7675516258696682,-0.9149747665327161,0.3262208646205801,1.094925298370752,0.32244133361031035,3.3287116550128806,2.148504282162485,1
1993,-0.33029930840995514,1.6192531229948277,-0.25213954776675473,-0.27571907897188513,0.9519202128511455,-3.669481025473936,-1.8264653291038841,-3.670413405504803,-0.42067136582260545,-0.4638152817021345,0
4700,3.0275570506458265,-0.6175686715060882,-0.6902545654935266,-1.482836215548661,0.5022647746002262,0.8097232207490264,-1.095166332828658,0.8086514554003218,0.5005321288905499,0.5039759995303846,1
3515,-0.33029930840995514,-0.6175686715060882,-0.6429231962436238,0.4790768165348643,1.3661916102632845,-0.11136774890779233,-0.38006338859716027,-0.11205722567670695,1.0815135476705158,-0.6246365901599231,1
939,-0.33029930840995514,-0.6175686715060882,-0.5771939402617146,-0.7090765534561845,0.28669554099252714,0.7271810144126027,-1.009405436206726,0.7252689597861581,2.624816687531634,0.32992729763726164,1
4619,3.0275570506458265,1.6192531229948277,-0.38418340885384705,-1.5345047542265529,-0.49159413687614484,1.4876994112456412,-0.6008754897581468,1.487979709287982,-1.1820433791611653,1.152334770316343,1
2638,-0.33029930840995514,-0.6175686715060882,0.3465482033821537,0.1970345295564415,-0.16139348129799613,0.04802183751956008,0.6247143495875908,0.050028596443269756,0.34070064751595436,-0.7272854934205711,0
3451,-0.33029930840995514,-0.6175686715060882,-1.0393314273635368,-0.25850822575732724,-0.5636268627474534,0.9022570860740893,0.12613522528048687,0.8977107411662164,1.863444674193074,1.030513715943367,1
4121,-0.33029930840995514,-0.6175686715060882,2.4486375898166606,0.3092813429461464,0.32885191912730477,0.8971319564957745,-0.20777488754170303,0.9018782176041501,0.326322912193688,-0.445672383562211,1
1324,-0.33029930840995514,-0.6175686715060882,0.32451061745029175,0.8155538340476689,-0.18705496715604397,0.2624931565384155,0.21618440313901155,0.26186871043319576,0.34070064751595436,-0.4338247432406246,0
2594,-0.33029930840995514,-0.6175686715060882,-0.46884247609672797,-2.097790278508144,1.7000512236357648,-0.05921382198986794,1.0332442960361699,-0.05589146055169326,-0.42067136582260545,0.5559208504013546,0
214,-0.33029930840995514,-0.6175686715060882,-1.3576917753484818,1.128753099697685,0.22945068792457468,-0.5596468997005309,-0.6008754897581468,-0.5590117312777669,-1.1820433791611653,0.47361777744891637,0
3283,-0.33029930840995514,-0.6175686715060882,0.9155434913960021,1.3129596188893542,0.047227625192053035,1.5327457008704022,-0.5663371249295599,1.5308967343225615,0.9733352471321509,-0.9078690381487601,1
530,-0.33029930840995514,1.6192531229948277,-0.8030791960632963,0.4255321070117993,0.6735917893138601,-0.845608658392338,0.6247143495875908,-0.8502918880139153,0.34070064751595436,-0.274953572583864,0
4060,-0.33029930840995514,-0.6175686715060882,0.3308329202253949,0.8175648516284589,0.8662082911708793,0.18982685035092967,0.042540023265603105,0.19071919003480825,-0.42067136582260545,-0.1588257153970053,1
4147,-0.33029930840995514,-0.6175686715060882,1.687735185463238,0.5877508416499455,-0.43103638191059346,-0.35587026580069664,-0.1923455433095676,-0.3556152690094923,-0.2228376745096337,-1.0794556627170924,1
4893,3.0275570506458265,-0.6175686715060882,-0.39757284596246956,0.06251655533656719,-0.6407318689919607,-0.08933235854283295,-1.009405436206726,-0.08991488731971936,1.0860929048681824,-0.24447339895968223,1
5028,3.0275570506458265,1.6192531229948277,0.5137033215828881,0.14604536534958354,-1.6680588322123069,1.4698141454954798,3.8471439583321625,1.46761789357755,-1.1820433791611653,-0.07135314668342285,1
1880,-0.33029930840995514,1.6192531229948277,0.3483846688764754,1.3730091307706542,0.16628395350476544,-0.7741182187193864,2.2588341353819072,-0.770851845267693,-0.42067136582260545,-0.4467006004074551,0
3555,3.0275570506458265,-0.6175686715060882,-0.3280004567673498,-0.3281219559089641,0.36688273637841246,-1.5032544162568755,-1.009405436206726,-1.5033791082781836,-0.23721783729947893,0.19334215001160623,1
1360,-0.33029930840995514,-0.6175686715060882,1.992021286294491,1.0814777388448527,0.6301646594002414,1.1203784326138377,-0.1923455433095676,1.1224691735172694,-1.1820433791611653,-1.2268825419325737,1
1561,3.0275570506458265,1.6192531229948277,-0.5478104923525657,0.200974142960844,-1.720822237287043,-0.38092080051815136,-0.1923455433095676,-0.3868916386609524,-0.42067136582260545,0.6908687945598458,0
776,-0.33029930840995514,-0.6175686715060882,-1.0528385032910619,-0.6637709993055535,-0.13178407453871044,-0.20219470133577175,0.6247143495875908,-0.2015315389197671,-0.42067136582260545,-0.5653494443472884,0
1581,3.0275570506458265,-0.6175686715060882,-0.5423010958696002,1.6743895562074615,-0.2146904134647107,-0.30943036084519915,4.301483867624803,-0.30745159591473015,-1.1820433791611653,-1.0206087307851652,0
1724,-0.33029930840995514,-0.6175686715060882,0.8791231967354772,-0.3623905738687451,-0.1929768485079013,0.7986714540855543,-0.6008754897581468,0.8047090025323803,-1.1820433791611653,0.05152648110363906,0
1954,-0.33029930840995514,-0.6175686715060882,0.7670988015818472,-0.848932829312481,-0.17718516490294872,0.3697288160478435,0.6247143495875908,0.3677887674281582,-0.42067136582260545,0.24742040953319422,0
2372,-0.33029930840995514,-0.6175686715060882,-0.7167653178301716,-0.27768888567408634,0.5038311905606222,-0.2736851410087234,0.21618440313901155,-0.2677315745416193,0.34070064751595436,-0.2782485470958482,0
1798,-0.33029930840995514,-0.6175686715060882,0.7028225092805841,0.3881057796699733,1.4967332972220027,0.012276617683084287,0.6247143495875908,0.010308575070158331,-0.42067136582260545,-1.324834313988766,1
2185,-0.33029930840995514,1.6192531229948277,-0.46884247609672797,1.5187748267335546,0.531466636869289,0.5484549152302232,-0.1923455433095676,0.5531488671693435,0.34070064751595436,0.18551226150106773,0
5079,-0.33029930840995514,-0.6175686715060882,-0.21179237940678616,-0.7539490368365624,0.07752217628431424,0.14620199851653604,-0.6008754897581468,0.14756327594104046,2.195910225331862,1.2187961478523897,1
1680,-0.33029930840995514,-0.6175686715060882,1.0480780222130832,0.3940151997765776,-1.0792850908358527,-0.4881564600275788,-1.009405436206726,-0.49281169565591537,-0.42067136582260545,0.4749870106028162,0
1260,-0.33029930840995514,-0.6175686715060882,-0.281522995675904,-0.8962081901653138,-0.6430398312490435,0.15525749702898747,1.441774242484749,0.15594865343823278,-0.42067136582260545,1.0882972012764658,0
3298,-0.33029930840995514,-0.6175686715060882,1.1248974891097936,0.8710753767519959,0.5327074637354816,0.30893294947027367,-0.5257324882184289,0.304948963725287,1.0320511375023715,-1.54497999791556,1
3797,-0.33029930840995514,-0.6175686715060882,1.8304526643420724,0.8574707124425186,0.9295952413461879,0.17416355599236583,-0.6779669891492621,0.1727078817858295,-0.27699692870251114,-1.1465018863481198,1
2893,-0.33029930840995514,-0.6175686715060882,1.0223675052925778,0.3881057796699733,0.6874095124681938,0.5484549152302232,-0.1923455433095676,0.5531488671693435,-0.42067136582260545,-0.9070679999602799,0
3890,-0.33029930840995514,-0.6175686715060882,1.7851746070234356,0.6659845331996552,1.3658852756734055,1.2667817976321265,-0.6106543349775695,1.2648169255368786,-0.40244665760338755,-1.3587193819315642,1
3871,-0.33029930840995514,-0.6175686715060882,2.6972825121051285,-0.48342708761382003,-0.39067785735716765,0.15525749702898747,0.6230312785185558,0.15594865343823278,0.34070064751595436,-1.0913790477355103,1
4347,-0.33029930840995514,-0.6175686715060882,-0.5907659968019185,-0.558922906935737,-0.7843163438868659,-0.0009844623720374462,2.9374431610359046,-0.004427112264528691,-0.42067136582260545,1.37163578113296,1
4528,-0.33029930840995514,-0.6175686715060882,0.8466795100187761,1.2179672010603113,0.5637189581211661,-0.9936847985431306,-0.2118164162371406,-0.9965513811351109,0.7032428463062794,-1.019709830937446,1
1365,-0.33029930840995514,1.6192531229948277,-0.44680489016486646,-0.10631570258256819,-0.6193523058416152,1.8352828293433563,0.6247143495875908,1.8374295582332691,-0.42067136582260545,-0.033222239878607944,0
3848,3.0275570506458265,-0.6175686715060882,1.1909286944323803,0.39199659182457514,-0.9976972480769032,-0.5314166886999065,-0.7997724267608871,-0.5333925164109256,-1.1820433791611653,-0.8580550942808312,1
2119,-0.33029930840995514,-0.6175686715060882,-0.14378808360176862,-1.7826212061559261,-0.11994031183499627,0.5842001350666989,-0.1923455433095676,0.5796288814180842,0.34070064751595436,0.3709390142003013,0
1099,-0.33029930840995514,-0.6175686715060882,-0.15847980755634275,-1.351233538373828,-1.7484576835957095,0.4769644755572709,-0.6008754897581468,0.47370882442312123,-0.42067136582260545,1.955022802790811,0
1460,-0.33029930840995514,-0.6175686715060882,0.9323806960708098,-2.4228083843713684,0.9005972411350505,1.0488879929408856,-0.1923455433095676,1.043029130771047,-0.42067136582260545,0.13149359012519046,0
4922,-0.33029930840995514,-0.6175686715060882,-1.4702309712970156,-1.2964682516397747,1.2540246434214724,0.6256038175515205,-0.6008754897581468,0.6268430059017397,2.2614747433517053,-0.7488448796015839,1
1345,3.0275570506458265,1.6192531229948277,-0.5147541134547731,-1.0459134995326171,0.17615375575786066,-0.09495904182634374,-0.1923455433095676,-0.09561148192480409,-0.42067136582260545,0.5833463082688025,0
132,-0.33029930840995514,-0.6175686715060882,0.23268734273420147,-0.6361937054747344,-1.2174623223791858,-0.30943036084519915,0.6247143495875908,-0.30745159591473015,-0.42067136582260545,0.4422035672070601,0
1164,-0.33029930840995514,-0.6175686715060882,0.15188286098404247,0.9396516562863544,0.14457038854795604,0.11951227719251167,0.21618440313901155,0.11622863206512134,-1.1820433791611653,-0.5434586230040692,0
2866,3.0275570506458265,-0.6175686715060882,1.0407321602357957,0.3487096456259461,-0.1456017976930441,1.0488879929408856,-1.009405436206726,1.043029130771047,0.34070064751595436,-1.2124327861490758,1
3560,3.0275570506458265,-0.6175686715060882,0.06262604325912308,-0.9117219952993834,1.2242899707795796,0.03181448557595634,-0.9408941755264275,0.029634159742708333,-1.1820433791611653,0.13970476552432515,1
659,-0.33029930840995514,-0.6175686715060882,2.146284387817522,0.2738569909422947,-1.3339259889657098,0.4054740358843193,-0.6008754897581468,0.4075087888012696,1.863444674193074,-0.6723438911089353,1
2889,3.0275570506458265,-0.6175686715060882,-1.1630264329503703,0.567358189570297,0.05376820781947946,-0.05921382198986794,-0.6008754897581468,-0.05589146055169326,1.1020726608545142,0.5168779067902154,0
1429,-0.33029930840995514,-0.6175686715060882,-0.2484666167781113,-2.4878120055440136,0.916388924740003,-1.417532175775953,1.0332442960361699,-1.419612194361841,-1.1820433791611653,-0.10938998169160634,0
5121,-0.33029930840995514,-0.6175686715060882,-0.47303345666267227,0.6234909296332815,-0.9519214471971678,-0.5778975057507548,-0.6008754897581468,-0.5738372195900954,2.5202612943265974,0.5032095098126987,1
3424,-0.33029930840995514,-0.6175686715060882,1.3874632995152618,0.7171672225784659,0.6844560801305131,0.08933908424081202,0.03102413696585704,0.08870107751419548,1.1020726608545142,-1.6278576308788044,1
3279,-0.33029930840995514,-0.6175686715060882,1.3752373839731724,1.1652607500486096,0.7230942337171304,-0.10130982725114018,-0.7916572135324038,-0.10266846280121068,-0.28539984400014584,-1.6942574746331451,1
5074,-0.33029930840995514,-0.6175686715060882,-0.8676054103061804,0.9259032162771048,0.3566570325987212,0.4256568993862487,0.1606019103074745,0.42363116241485166,2.624816687531634,-0.32479547610228704,1
331,-0.33029930840995514,-0.6175686715060882,0.5742699246780577,-0.2225342980124486,-0.866097362168996,2.192735027708115,-0.6008754897581468,2.1949097505912682,0.34070064751595436,-0.24244930049122493,0
513,-0.33029930840995514,-0.6175686715060882,-0.1107317047039759,-0.13389299641338734,0.12877870494300345,2.121244588035163,2.2588341353819072,2.1154697078450466,1.1020726608545142,-0.38544778145891717,0
2005,-0.33029930840995514,-0.6175686715060882,1.105008452537059,1.6152953551414209,0.7288626819311936,-0.5596468997005309,-0.6008754897581468,-0.5590117312777669,0.34070064751595436,-1.9293034231286352,1
4512,-0.33029930840995514,-0.6175686715060882,2.104002918020484,0.302532072505578,0.5227978520938977,0.9824800969545305,-0.33233095217262076,0.9779400347396572,0.34070064751595436,-0.5792183770431185,1
3641,2.8956254933108694,-0.6175686715060882,1.1759580430361056,0.5125432075052947,0.9991826884458659,1.2485445338162027,0.18408178391435626,1.2441293495952708,0.31078602798194493,-1.3322446211104326,1
2996,-0.33029930840995514,-0.6175686715060882,0.24003320471148878,-0.433303615147994,0.2590600946838604,-0.30943036084519915,-0.1923455433095676,-0.30745159591473015,-0.42067136582260545,-0.26068255399542795,0
672,-0.33029930840995514,-0.6175686715060882,-0.9940716074727641,1.19375672087033,0.7920294163510029,0.4054740358843193,1.8503041889333283,0.4075087888012696,0.34070064751595436,-0.2646532896476903,0
3307,-0.33029930840995514,-0.6175686715060882,-0.9521234608766052,0.651139902871819,0.745482193472178,-0.5402371688195191,-0.8321962474165119,-0.5379257402946567,1.863444674193074,0.4975464243378256,1
4746,-0.33029930840995514,-0.6175686715060882,0.826256524636512,-0.13096800119214863,1.851414802102039,0.33126355128843277,0.8212075157577642,0.3319181165259189,0.5382857593367785,-1.2171008358329138,1
3389,-0.33029930840995514,-0.6175686715060882,0.07515835274116323,-1.4304399634940907,-0.9640342515953482,-1.493687729743099,-0.1923455433095676,-1.4939241116802764,2.1656931481897574,1.220815124092131,1
3590,-0.33029930840995514,-0.6175686715060882,1.4968344940645772,0.7220687210955017,0.22057984733733238,-0.7336421135837525,-1.1620036146374335,-0.7341693406728192,2.0560261577132355,-1.4247513305998045,1
4232,-0.33029930840995514,-0.6175686715060882,-1.036027939688759,-0.22369816678661675,-0.6010385568120129,0.9363587496751726,0.22482726702950262,0.9317870648777966,1.863444674193074,1.1485512470185162,1
2811,-0.33029930840995514,1.6192531229948277,-1.581740565655742,1.0066250841612008,-0.24627378067461536,0.2267479367019397,-1.4179353826553052,0.22214868906008436,-0.42067136582260545,0.32902061691659146,0
1257,-0.33029930840995514,-0.6175686715060882,-2.5550672776462986,-0.5613410507910824,-1.1128424184963768,-0.45241124019110296,-1.009405436206726,-0.45309167428280395,0.34070064751595436,2.2684767140384294,0
766,-0.33029930840995514,1.6192531229948277,-0.4578236831307972,0.8017651871322591,-0.8187223113541388,0.8344166739220301,-1.4179353826553052,0.8311890167811211,1.1020726608545142,0.4405625592248725,0
2596,-0.33029930840995514,-0.6175686715060882,-1.1887369498708757,-2.344016116283314,2.029702618889145,0.6199453549031747,-0.1923455433095676,0.6193489027911957,-1.1820433791611653,1.6057278139226854,0
985,-0.33029930840995514,-0.6175686715060882,-0.5459740268582436,-0.7189255869671913,1.8402024156297163,-0.7741182187193864,-1.009405436206726,-0.770851845267693,-0.42067136582260545,0.5104954905965158,0
4889,3.0275570506458265,-0.6175686715060882,-1.6145489423758679,2.708668916166823,-0.5498088707981043,-0.8098229168710431,-1.4065744641463274,-0.8142087880013567,-0.42067136582260545,-0.6687350911810691,1
5144,-0.33029930840995514,-0.6175686715060882,2.035727066835306,1.0431350758470894,1.220369636125912,-0.059935586416087434,0.21586713383942102,-0.056611225033197675,1.101481370136417,-1.1699015741029852,1
3287,-0.33029930840995514,-0.6175686715060882,1.6686915756400242,0.8536619662462681,0.05156728303472735,0.8181546198846084,0.21618440313901155,0.8219892211565629,0.0018923672109277256,-1.3616178019411826,1
4597,-0.33029930840995514,-0.6175686715060882,-0.26208393133825414,0.7521593418238214,0.7021430126077068,-0.5110876510742377,-0.09654423814587759,-0.5120831619434689,1.2149431748272705,-0.2747604523000326,1
596,-0.33029930840995514,-0.6175686715060882,-0.9812163490125118,1.4537712055609093,-0.3370759614030914,-0.16644948149929534,-0.1923455433095676,-0.16181151754665626,-0.42067136582260545,0.3653921687700478,0
1999,-0.33029930840995514,-0.6175686715060882,-1.2162839322857026,-0.059040341729735414,1.638858449666574,0.5127096953937467,-1.009405436206726,0.5134288457962326,1.863444674193074,-0.5851924384408832,1
4839,-0.33029930840995514,-0.6175686715060882,-0.3192072103650693,1.4536162732133904,-0.19405247689719995,-0.28381523723499436,-0.8260514409789811,-0.28169892587859907,-0.7623858514161066,-0.2719672126544116,1
5109,-0.33029930840995514,-0.6175686715060882,-1.2117001783635668,-0.6342858044890565,1.2158763201799632,-1.193134696357027,-1.0040032702864503,-1.1977926191208716,-0.3803995768987857,0.11366918228471456,1
2655,-0.33029930840995514,1.6192531229948277,0.7891363875137087,-0.5790693111108948,3.474641668742287,-0.20219470133577175,-1.009405436206726,-0.2015315389197671,-0.42067136582260545,-1.1634912165446896,0
4915,-0.33029930840995514,-0.6175686715060882,1.2939208550819132,0.28230726551370716,0.5409529184875368,1.0642572508001436,0.6247143495875908,1.061587606270426,-0.8247405646129069,-0.8139522144478192,1
1061,3.0275570506458265,-0.6175686715060882,-0.16215273854498666,-0.42936400174359146,1.5875354779504782,-0.7383729988829106,1.8503041889333283,-0.7443718310189522,1.1020726608545142,-1.2144151657612985,0
3781,-0.33029930840995514,-0.6175686715060882,2.190923586016006,-0.43562389575124166,1.304810279771896,0.40370591962741675,-0.04133978177556208,0.40453888163562846,-1.1820433791611653,-1.3883779944781112,1
4125,-0.33029930840995514,-0.6175686715060882,1.18992532905896,0.7232482349220831,0.5730057706214788,-0.10897985346636149,-0.2803894804586837,-0.10859473163291339,0.9527512461893315,-1.4125100154758263,1
3768,-0.33029930840995514,-0.6175686715060882,2.187362546469733,0.09321838809012528,1.4222169626708343,-0.6329322403592598,-0.23601175209784908,-0.6354503992657055,0.13479152261854,-1.51691039380092,1
4303,-0.33029930840995514,-0.6175686715060882,1.8570751245125696,0.16612661371041212,0.6418514477386446,-0.6190977544964585,-0.6642348544732591,-0.62096659492206,0.019055657908405355,-1.2608774579953093,1
1688,-0.33029930840995514,1.6192531229948277,-0.1878632554654915,0.4925055348866456,-0.5818470572798532,-0.7383729988829106,-0.6008754897581468,-0.7443718310189522,-1.1820433791611653,-0.4820366187211064,0
413,-0.33029930840995514,1.6192531229948277,-0.4541507521421533,-0.46679032908541745,0.12088286314052715,-0.45241124019110296,-0.1923455433095676,-0.45309167428280395,-0.42067136582260545,-0.16902983435520116,0
515,3.0275570506458265,-0.6175686715060882,-0.11807756668126324,0.7761577000036417,0.6262167384990028,-0.45241124019110296,0.21618440313901155,-0.45309167428280395,-0.42067136582260545,0.2800954745953614,0
942,-0.33029930840995514,-0.6175686715060882,1.3308937083386412,-0.6046767982395127,0.15246623035043178,-1.6320034947948083,0.21618440313901155,-1.6314523083517667,-1.1820433791611653,-0.9479052965101349,0
2219,-0.33029930840995514,-0.6175686715060882,0.8883055242070863,2.0033472754750896,-0.1969247694091392,-1.7034939344677602,1.0332442960361699,-1.6976523439736184,-0.42067136582260545,-1.2790215938587175,1
3427,-0.33029930840995514,1.6192531229948277,-0.33612078058372874,-0.5788919090055027,1.1060785519657537,-0.21333388605672765,-0.6136582570688294,-0.21639503287296125,1.863444674193074,-0.5427610346944427,1
2800,-0.33029930840995514,-0.6175686715060882,2.759663862921006,0.14581955529920623,1.2953893312588602,0.11951227719251167,0.6247143495875908,0.11622863206512134,-1.1820433791611653,-1.5167472659131962,1
2385,-0.33029930840995514,1.6192531229948277,-1.3521823788655163,0.6067543236143242,1.5756917152467647,0.15525749702898747,0.21618440313901155,0.15594865343823278,-0.42067136582260545,0.4677810521839956,0
3988,-0.33029930840995514,-0.6175686715060882,2.6708429912080107,-0.9098087869885763,1.984485776739376,-0.5714131237700815,-0.5432431496535465,-0.5708411368525891,-0.42067136582260545,-1.2302292167811293,1
4083,3.0275570506458265,0.9445719076580015,-1.58808179672027,0.7057460900504929,-1.3659577326281316,0.5354346632060487,-0.39329135539566507,0.5372061882627163,-1.1820433791611653,2.300764211864657,1
3440,3.0275570506458265,-0.6175686715060882,-0.5138516098842618,-0.41344563779639687,0.025778452823663672,2.00642440077245,-0.7053980471758853,2.0029807675175713,1.1020726608545142,-0.32929189198633246,1
309,-0.33029930840995514,1.6192531229948277,1.417207586571766,-0.9927287185731806,-1.549087678083186,0.4054740358843193,-0.6008754897581468,0.4075087888012696,1.1020726608545142,0.42314132643181773,0
3306,-0.33029930840995514,-0.6175686715060882,-0.0864959871718562,-1.0904145717846716,-0.6079925345100591,1.8751913823607578,-0.6231020436692769,1.8800612719491892,3.3033420148536266,1.0081250688744854,1
5095,-0.33029930840995514,-0.6175686715060882,0.18733106915148656,0.42391512504240797,0.590219359044887,-0.42989551966621764,-0.6008754897581468,-0.43206153108688905,2.624816687531634,-0.23405589793833081,1
1710,-0.33029930840995514,-0.6175686715060882,0.21615915328530563,-0.13783260981778986,1.3210508171169069,0.9059071135949823,-0.1923455433095676,0.9106290595273434,-0.42067136582260545,-0.6991556902463145,0
3247,-0.33029930840995514,-0.6175686715060882,-0.6732921813632539,-1.360885012346856,0.5364875213299422,1.4107843922834111,-0.33096173914774274,1.410651677055963,1.863444674193074,0.16858577678966008,1
2423,-0.33029930840995514,-0.6175686715060882,-0.5423010958696002,0.6205429705297341,1.1789256646723358,0.7986714540855543,0.6247143495875908,0.8047090025323803,-0.42067136582260545,-0.27284952308842925,0
5112,-0.33029930840995514,-0.6175686715060882,1.5725482925267191,0.2647139119094992,1.365213767715578,-0.8069630423814792,-0.9210697565739607,-0.8102118142524298,0.1760705761189878,-1.2717712972664081,1
2958,-0.33029930840995514,-0.6175686715060882,0.03434906934744681,1.0420816048008255,-1.760301446299424,0.4769644755572709,0.6247143495875908,0.47370882442312123,-0.42067136582260545,-0.5768152484459641,0
2848,-0.33029930840995514,1.6192531229948277,-0.8526637644099854,0.39992461988318134,-1.379327079329948,-1.2388060765935733,-0.6008754897581468,-1.2342520946206557,-0.42067136582260545,0.7955276582118276,0
5059,-0.33029930840995514,1.6192531229948277,-0.3236302423153139,0.14042491397813783,-0.6571334290185548,0.7845780661886271,0.2483988979953865,0.7906145109068781,-0.8163668075533186,0.2849515580884483,1
4899,-0.33029930840995514,-0.6175686715060882,0.7028224184290766,1.4616756637152142,-0.29303350640968895,0.7963503129488173,-0.844932734590869,0.7959396258982393,0.34070064751595436,-0.7903201612341086,1
2863,-0.33029930840995514,-0.6175686715060882,-0.23928428930650228,0.18324588264103164,1.099967246647574,-0.13070426166281954,0.21618440313901155,-0.13533150329791552,-0.42067136582260545,-0.09919924746702623,0
2775,3.0275570506458265,-0.6175686715060882,0.17575691241022562,0.43932075392720854,1.3328945798206218,1.2991045317962173,-0.6008754897581468,1.294589266134084,0.34070064751595436,-0.42090601294691526,1
2157,-0.33029930840995514,-0.6175686715060882,-1.0234550553819133,0.6953956252133855,-2.532119982491471,-2.3469078915243267,-1.009405436206726,-2.3464126930677662,-1.1820433791611653,0.8904775602636569,0
2033,3.0275570506458265,1.6192531229948277,1.4521004309638808,0.4156830735007925,2.4659478784759536,0.3339835962113671,0.21618440313901155,0.3280687460550474,-1.1820433791611653,-1.5588597930808887,0
2753,-0.33029930840995514,1.6192531229948277,0.3428752723935098,1.5660501875863868,-1.418806288342329,0.3697288160478435,1.0332442960361699,0.3677887674281582,-0.42067136582260545,-0.15510743245208777,0
3491,-0.33029930840995514,-0.6175686715060882,1.0282045263331876,1.3605089678340785,0.2428663017179904,-0.5562832432810679,-0.0073020825448578686,-0.552275514839338,-1.009611818754987,-0.7220571344423552,1
1799,-0.33029930840995514,-0.6175686715060882,-0.20071851392574447,-0.25996062535427455,0.2965653432456224,1.477830630978597,1.441774242484749,1.4799493658752692,0.34070064751595436,-0.15251633193847797,0
1838,-0.33029930840995514,-0.6175686715060882,-1.3999304817178833,0.8864668753269178,-0.7970087463973293,-1.3817869559394769,1.0332442960361699,-1.3798921729887297,-1.1820433791611653,1.2684295562586656,0
1840,-0.33029930840995514,-0.6175686715060882,-0.8104250580405836,0.09854419444637345,0.04982028691824159,-0.845608658392338,-0.1923455433095676,-0.8502918880139153,-0.42067136582260545,0.5647285067067692,0
1156,-0.33029930840995514,-0.6175686715060882,-0.042782481414069325,0.9455610763929586,-0.013346447501567663,-0.5953921195370068,1.0332442960361699,-0.5987317526508784,1.1020726608545142,-1.0082823437397979,0
3254,-0.33029930840995514,1.6192531229948277,-0.33561148588071965,0.12259666321018196,-1.541673993354172,1.589047264081092,-0.1923455433095676,1.5930501187556012,2.0643870034427145,1.0679522361176486,1
811,-0.33029930840995514,-0.6175686715060882,0.036185534841768514,0.08278574082876235,0.04982028691824159,1.5850662904880244,1.8503041889333283,1.5858694228702324,0.34070064751595436,-0.7521846285894163,0
1664,-0.33029930840995514,-0.6175686715060882,-1.1648628984446923,0.017782119656117774,-0.3864249726685675,0.4769644755572709,0.21618440313901155,0.47370882442312123,-1.1820433791611653,0.7109204141050541,0
1225,-0.33029930840995514,-0.6175686715060882,-0.6653442839891609,-0.10631570258256819,0.43079465388771776,-1.5247678352853806,1.0332442960361699,-1.5255322513568037,-0.42067136582260545,-0.8878631448730715,0
893,-0.33029930840995514,1.6192531229948277,-0.6690172149778049,0.703274852022191,0.5196228741655748,0.4054740358843193,0.21618440313901155,0.4075087888012696,0.34070064751595436,-0.7458094536367808,0
4506,-0.33029930840995514,-0.6175686715060882,1.537688390174016,0.9399853727167858,0.021192905541350854,-0.6799133354276765,-1.0391910261947641,-0.678446244138275,2.5137946446443866,-1.1646577344979683,1
2129,-0.33029930840995514,-0.6175686715060882,0.3428752723935098,0.03748018667813138,-1.087180932638329,-1.8464748138136642,0.21618440313901155,-1.8432924223416927,-0.42067136582260545,-0.4911952714421753,0
4160,3.0275570506458265,-0.6175686715060882,-0.7425727219063152,0.26897870289042936,0.01404286601879362,1.4543346791903462,0.525446481766525,1.4593264314803658,-0.42067136582260545,1.085978664124794,1
2676,-0.33029930840995514,-0.6175686715060882,-0.7773686791427914,-0.6893784864341709,-0.37852913086609125,1.4420854111421213,-0.1923455433095676,1.440229344502158,-0.42067136582260545,0.8588111848382762,0
4164,-0.33029930840995514,-0.6175686715060882,1.6697562712868754,-0.19703186189868357,1.5831342445240044,0.1214185919673395,0.5124442064506185,0.12511895490594271,1.6542082506185196,-0.6814934908974646,1
3977,-0.33029930840995514,-0.6175686715060882,2.130033586898899,0.14186471862802147,-0.6728790823116512,1.8989636664088307,0.8519812226831553,1.9008261152923422,-1.1820433791611653,-0.5357595915592168,1
4058,-0.33029930840995514,-0.6175686715060882,-0.5026944760084568,0.2880252723138356,-0.4073191391754897,0.643029539707441,-0.8586467241721306,0.6425570435506843,1.1723144296085188,0.17667029618399377,1
4860,-0.33029930840995514,-0.6175686715060882,-0.45834813855092693,-0.7865922266900649,0.22844037861804528,0.7310905558967169,-0.2833075518798211,0.7325612138147852,1.863444674193074,0.4259006230883662,1
3064,-0.33029930840995514,-0.6175686715060882,1.9702833702738336,0.1622165140363686,0.8955976844992326,-0.33490878806520374,0.850980300794007,-0.3303315522314903,-0.7876897258095243,-0.8570216738607586,1
4668,3.0275570506458265,1.1029665881311037,0.5379138218785282,-0.27875714465531737,-0.9216723685289998,-0.1279205659571602,-1.009405436206726,-0.12714996992896171,0.34070064751595436,-0.43292008449209274,1
2982,-0.33029930840995514,-0.6175686715060882,-0.8287897129838017,0.20491375636524706,-0.15547159994613932,-0.023468602153392144,-1.009405436206726,-0.029411446302952504,2.624816687531634,0.7462806437956879,1
2948,3.0275570506458265,-0.6175686715060882,1.3088561224067798,-0.9533325845291534,-1.0536236049778054,-0.09495904182634374,0.21618440313901155,-0.09561148192480409,0.34070064751595436,1.059856690333747,0
4185,3.0275570506458265,-0.6175686715060882,-0.8584792546875526,-0.8098450090274859,-0.2654169680915551,-0.17240733369551328,-1.24345927676453,-0.17022475286075872,0.015531770236962394,-0.16264107434492203,1
3093,3.0275570506458265,-0.6175686715060882,0.7206532222564053,0.08296120729264755,-0.38357850618332834,1.6699536929741285,0.4743478745408254,1.6697153986455944,0.9011727834766802,-0.15160625370878972,1
3051,-0.33029930840995514,-0.6175686715060882,1.842588763551502,0.6115647723316712,0.04708640191462511,0.5979134485068361,0.21618440313901155,0.6030188624484292,-0.24500919839707888,-1.2499937468491367,1
318,-0.33029930840995514,1.6192531229948277,0.5522323387461957,-1.0636417598524295,-1.588566887095567,0.11951227719251167,-0.6008754897581468,0.11622863206512134,0.34070064751595436,1.6740123177805726,0
3439,-0.33029930840995514,1.6192531229948277,-0.09187679374531789,0.6147602835395862,-0.240755243633278,1.2450826311610224,0.0769290199555469,1.2500567954474837,-0.10486747635447685,-0.14751353379636462,1
4654,3.0275570506458265,-0.6175686715060882,-0.9063763336763406,-0.7806414030535027,0.8675653421230312,-0.003467124496217888,-0.35475617070367194,-0.007023578306075473,1.4070880175251947,0.6893607501406945,1
3357,-0.33029930840995514,-0.6175686715060882,2.199540463288784,-0.21016414546207357,0.8574904731588604,0.18772795661819514,-0.1923455433095676,0.1884216559627767,-0.48983333854108324,-1.2446385382004346,1
250,-0.33029930840995514,-0.6175686715060882,-0.7534946277166078,-0.9395439376137441,0.2787996991900509,0.2982383763748913,1.0332442960361699,0.30158873180630663,-0.42067136582260545,0.554459072010258,0
313,3.0275570506458265,-0.6175686715060882,0.025166741875837787,0.16945723572562235,0.955868133752384,-1.0243347575747177,-0.1923455433095676,-1.02241198063073,0.34070064751595436,-0.031345202851580795,0
3617,-0.33029930840995514,-0.6175686715060882,1.7722813400193076,0.05758959643995925,-0.6064985407110162,0.4204855350882353,-0.4288380420391112,0.42175501740717525,-0.7412953471932248,-0.5519027090947835,1
1071,-0.33029930840995514,-0.6175686715060882,-0.8747013503418468,-0.655891772496748,0.08732553548000359,1.5850662904880244,0.21618440313901155,1.5858694228702324,1.1020726608545142,0.7587885941043375,0
2473,-0.33029930840995514,-0.6175686715060882,0.5283582873200126,0.7052446587243922,-0.44169586528590105,0.3697288160478435,0.21618440313901155,0.3677887674281582,1.1020726608545142,0.27409362476700566,0
2122,3.0275570506458265,-0.6175686715060882,0.11882648208624975,-2.6572153819333306,0.22945068792457468,0.9416523334314582,-0.1923455433095676,0.9371090737760841,-0.42067136582260545,1.1908686304260276,0
165,-0.33029930840995514,-0.6175686715060882,0.3465482033821537,0.31522293168852317,-1.7504316440463286,1.0131427731044098,-0.1923455433095676,1.0165491165223064,-1.1820433791611653,1.9918966942465706,0
1012,-0.33029930840995514,1.6192531229948277,0.46775492600739277,-0.9631816180401602,-0.8463577576628055,-0.023468602153392144,0.21618440313901155,-0.029411446302952504,0.34070064751595436,-0.9565773813499127,0
272,-0.33029930840995514,-0.6175686715060882,1.7881736164247704,0.9061649423489314,1.044696354030241,0.012276617683084287,-0.6008754897581468,0.010308575070158331,-0.42067136582260545,-1.267428355687463,1
264,-0.33029930840995514,-0.6175686715060882,-0.5955585952049326,-0.023583821090111253,-0.8049045881998057,1.2276140921232652,1.0332442960361699,1.2283892305122324,-1.1820433791611653,0.3144127845765715,0
2161,-0.33029930840995514,1.6192531229948277,-0.6377973015743338,0.1044536145529772,1.0644359585364316,0.4769644755572709,-1.009405436206726,0.47370882442312123,1.863444674193074,0.1806423568505192,0
5134,-0.33029930840995514,-0.6175686715060882,-1.1848732634265915,0.5726297448802139,-0.481067434716956,1.0241141682446435,-0.25504124765283775,1.0211045572247004,1.863444674193074,0.8319828312602825,1
755,-0.33029930840995514,1.6192531229948277,-0.22275609985760592,1.136632326506491,-1.679369067824043,0.3339835962113671,-0.6008754897581468,0.3280687460550474,1.863444674193074,0.5940486515648382,0
651,-0.33029930840995514,-0.6175686715060882,2.1187374054026953,-0.15950048354200472,-1.0536236049778054,1.0488879929408856,0.21618440313901155,1.043029130771047,-0.42067136582260545,-1.4720097954972649,1
2038,-0.33029930840995514,-0.6175686715060882,-0.6139232501481506,-0.09252705566715888,2.1441923250250503,-0.38092080051815136,-0.6008754897581468,-0.3868916386609524,-1.1820433791611653,-1.1611442621579486,0
4342,-0.33029930840995514,-0.6175686715060882,2.106826634671779,-0.41268433269304644,0.4068874411526827,-0.3932327184144342,-0.5995148358492319,-0.3872885143574346,-1.1820433791611653,-0.9467510521243675,1
4675,-0.33029930840995514,-0.6175686715060882,1.5698296752216938,1.239850103652619,-0.42718193313745123,-0.16226643946151292,-0.6645453683946235,-0.15630414720004454,-0.42067136582260545,-0.24447456146441301,1
2216,-0.33029930840995514,-0.6175686715060882,-2.6523999488453547,-0.395877287806168,0.9894254614129075,0.8701618937585059,-1.009405436206726,0.8709090381542325,-0.42067136582260545,-0.7673910446779866,0
457,-0.33029930840995514,-0.6175686715060882,0.6330368204963552,-0.16737971035081026,0.8117690208571934,-0.845608658392338,-0.1923455433095676,-0.8502918880139153,-0.42067136582260545,-0.554769558902897,0
1191,-0.33029930840995514,-0.6175686715060882,0.21248622229666173,-1.4122975461420706,0.11890890268990821,0.9416523334314582,-1.4179353826553052,0.9371090737760841,-1.1820433791611653,0.34186153845317946,0
4042,-0.1822591386076975,-0.6175686715060882,1.91828698367626,0.5696321843823104,0.5574606215634168,1.5955967168450136,0.9972220031358497,1.599905698869927,-1.1820433791611653,-0.34060331856393367,1
961,-0.33029930840995514,-0.6175686715060882,-0.8030791960632963,-0.742563267393608,0.5591020831779557,0.8344166739220301,-0.6008754897581468,0.8311890167811211,-1.1820433791611653,0.6831541949181914,0
357,-0.33029930840995514,-0.6175686715060882,0.9195254376105567,-1.2369847496461495,0.9736337778079555,-2.489888770870231,-0.6008754897581468,-2.4920527714358403,-0.42067136582260545,-0.5047154286573551,0
846,-0.33029930840995514,-0.6175686715060882,-0.08134825679482713,0.31522293168852317,0.8334825858140027,-0.13070426166281954,-0.6008754897581468,-0.13533150329791552,-0.42067136582260545,0.3254176176813124,0
1400,-0.33029930840995514,1.6192531229948277,-1.4623703085248245,1.233152854914357,1.0506182353820979,-0.16644948149929534,1.0332442960361699,-0.16181151754665626,0.34070064751595436,-0.42673465588332954,0
786,-0.33029930840995514,-0.6175686715060882,-0.002380240538989293,1.3690695173662506,-0.20679457166223442,-0.845608658392338,-0.1923455433095676,-0.8502918880139153,-1.1820433791611653,-0.9481899142889912,0
509,-0.33029930840995514,-0.6175686715060882,1.2078505202190806,-1.536395368380756,0.531466636869289,-0.6311373393734826,-0.1923455433095676,-0.6252117668996192,1.863444674193074,0.1087511021337886,0
4930,3.0275570506458265,-0.6175686715060882,0.24145701987081133,0.801345312940111,1.1376537293265454,1.048360212072207,-1.1740238098846034,1.0438253092814629,-0.19338393334502277,-0.405341475561232,1
4155,-0.33029930840995514,1.6192531229948277,-1.2013597244098193,0.15435904393303115,-2.2134185783169067,1.354732046223752,-0.9185820813872927,1.3505154855731223,1.9480778340362754,1.0687748687963161,1
1103,-0.33029930840995514,-0.6175686715060882,-1.0418197103251312,0.20491375636524706,1.1828735855735737,0.15525749702898747,-1.009405436206726,0.15594865343823278,0.34070064751595436,-0.4901668098832464,0
2275,-0.33029930840995514,1.6192531229948277,0.6091627690701715,1.1149644527822755,0.5196228741655748,-0.20219470133577175,3.4844239747276453,-0.2015315389197671,0.34070064751595436,-0.9942006577613804,0
3507,3.0275570506458265,-0.6066140338373824,-0.022565077310881587,-0.6520679225496917,-0.3808916149944156,1.193269344806002,-0.6008754897581468,1.190095728044191,1.0946151561416027,0.6698042282935017,1
1564,-0.33029930840995514,-0.6175686715060882,-1.014272727910304,0.12218187487278956,-0.8700452830702339,1.6208115103245009,-1.4179353826553052,1.6255894442433432,-1.1820433791611653,-0.18833892087233026,0
2712,-0.33029930840995514,1.6192531229948277,0.8607585417922592,0.665848524680365,-1.3398478703175671,0.1910027168654639,1.0332442960361699,0.1956686748113436,-0.42067136582260545,-0.29681700832261754,0
2888,-0.33029930840995514,-0.6175686715060882,-0.6671807494834832,0.16157800891681678,-0.5621074527736628,0.5842001350666989,1.8503041889333283,0.5796288814180842,-0.42067136582260545,0.914951597736827,0
1238,-0.33029930840995514,1.6192531229948277,-1.2548497076664606,1.233152854914357,0.45843010019638397,-0.45241124019110296,0.6247143495875908,-0.45309167428280395,3.3861887008701936,-0.02319070765909163,1
4193,-0.33029930840995514,-0.6175686715060882,2.630289557881773,-0.6660351539168812,-0.33185025094164283,-0.8618818602223207,-0.5490547723749724,-0.860667603055187,-0.42067136582260545,-0.727887165682213,1
2478,-0.33029930840995514,1.6192531229948277,0.9158525066219133,1.1129946460800737,0.5926594108384793,-0.8098634385558622,-1.4179353826553052,-0.8105718666408038,0.34070064751595436,-0.9499775242786916,0
1747,3.0275570506458265,1.6192531229948277,0.3024730315184303,2.3992784226175625,0.4761957442519555,-2.3469078915243267,0.21618440313901155,-2.3464126930677662,-0.42067136582260545,-1.375606340083979,0
511,-0.33029930840995514,1.6192531229948277,0.7340424226840545,0.4176528802029937,-0.26009150382894847,2.085499368198688,0.21618440313901155,2.0889896935963055,-0.42067136582260545,-1.02690847778087,0
656,-0.33029930840995514,-0.6175686715060882,-1.9508701300144249,-0.7780197880332321,0.752550207338622,-0.7383729988829106,-0.6008754897581468,-0.7443718310189522,1.863444674193074,-0.1416119270275243,1
4270,-0.33029930840995514,-0.6175686715060882,1.1967297294425006,0.17039782614730653,0.5549157001770743,1.4141026946415098,0.6247143495875908,1.410204938640002,-1.1820433791611653,-0.7988802876512798,1
609,-0.33029930840995514,1.6192531229948277,0.01598441440422876,-1.4083579327376676,-0.6825190402614245,-0.6668825592099584,-1.009405436206726,-0.66493178827273,-0.42067136582260545,1.6461140017775728,0
3917,-0.33029930840995514,-0.6175686715060882,0.9090946105926946,2.118356075235917,0.4396260053357991,1.4428147902820512,0.31727488601492426,1.441791346738536,-0.8484576310810612,-1.0108800286052806,1
4910,-0.33029930840995514,-0.6175686715060882,0.9774860201679538,0.12229933674035776,-0.6789910409975767,0.18315014488427325,-0.9794899134633106,0.18791244077865563,-1.0705370282596827,-0.6909417667203179,1
1812,-0.33029930840995514,1.6192531229948277,-0.7075829903585626,0.21870240328065635,-0.518680322860044,-1.9179652534866156,-1.009405436206726,-1.9227324650879145,1.1020726608545142,0.7774281901175175,0
